Empresa,Identificador,Fecha Deposito,Fecha Corte,Importe Fianza,Interes,D_fsi,Ultimo Deposito,Ultima Tasa,D_f
EDEESTE,5302212.0,2020-12-14,2022-01-13,1118.88,3.1025,1120.4968,1151.0204,2.3099,1151.8945
EDEESTE,5449501.0,2020-12-14,2021-05-28,346.32,3.1025,346.8204,346.8204,3.1025,351.154
EDEESTE,5607165.0,2020-12-14,2022-01-04,1411.14,3.1025,1413.1791,1451.6757,2.3099,1451.9513
EDEESTE,5607176.0,2020-12-14,2024-02-14,1455.54,3.1025,1457.6433,1740.3114,8.5636,1758.277
EDEESTE,5607302.0,2020-12-14,2022-06-10,1420.02,3.1025,1422.0719,1460.8108,2.3099,1475.6024
EDEESTE,5607170.0,2020-12-14,2023-11-17,2032.74,3.1025,2035.6773,2330.645,8.5636,2406.6521
EDEESTE,5607130.0,2020-12-14,2021-04-26,3439.14,3.1025,3444.1096,3444.1096,3.1025,3477.7757
EDEESTE,5607078.0,2020-12-14,2021-03-15,18475.5,3.1025,18502.1971,18502.1971,3.1025,18617.0032
EDEESTE,5607199.0,2020-12-14,2021-04-13,1961.7,3.1025,1964.5347,1964.5347,3.1025,1981.5672
EDEESTE,5607138.0,2020-12-14,2021-05-12,928.38,3.1025,929.7215,929.7215,3.1025,940.074
EDEESTE,5607141.0,2020-12-14,2023-02-13,1740.48,3.1025,1742.995,1901.1199,9.9345,1923.37
EDEESTE,5607315.0,2020-12-14,2023-08-08,561.9,3.1025,562.7119,644.2484,8.5636,649.9922
EDEESTE,5607328.0,2020-12-14,2021-06-02,1366.74,3.1025,1368.7149,1368.7149,3.1025,1386.3987
EDEESTE,5606902.0,2020-12-14,2021-12-29,937.26,3.1025,938.6143,953.1746,2.3099,964.0928
EDEESTE,3110890.0,2020-12-14,2023-12-25,1686.42,3.1025,1688.8569,1933.5706,8.5636,2013.8672
EDEESTE,3110148.0,2020-12-15,2021-06-23,1206.9,3.1025,1208.5414,1208.5414,3.1025,1226.313
EDEESTE,5607589.0,2020-12-15,2021-03-24,4820.72,3.1025,4827.2762,4827.2762,3.1025,4860.9223
EDEESTE,3012998.0,2020-12-15,2023-10-09,526.08,3.1025,526.7955,603.1276,8.5636,617.2782
EDEESTE,3331226.0,2020-12-15,2023-04-15,839.58,3.1025,840.7218,916.9923,9.9345,942.9492
EDEESTE,3364861.0,2020-12-15,2021-02-04,928.38,3.1025,929.6426,929.6426,3.1025,932.3293
EDEESTE,4045769.0,2020-12-15,2021-09-30,1366.74,3.1025,1368.5988,1389.8292,2.3099,1397.8331
EDEESTE,4873567.0,2020-12-15,2021-03-12,603.45,3.1025,604.2707,604.2707,3.1025,607.8661
EDEESTE,4132738.0,2020-12-15,2023-03-15,937.26,3.1025,938.5347,1023.6788,9.9345,1044.0182
EDEESTE,5302270.0,2020-12-15,2023-10-11,919.5,3.1025,920.7505,1054.1664,8.5636,1079.3938
EDEESTE,5279735.0,2020-12-15,2023-12-26,1224.66,3.1025,1226.3255,1404.0189,8.5636,1462.6539
EDEESTE,5279823.0,2020-12-15,2021-10-08,244.62,3.1025,244.9527,248.7525,2.3099,250.311
EDEESTE,5244225.0,2020-12-15,2021-08-06,1224.66,3.1025,1226.3255,1245.3489,2.3099,1248.1861
EDEESTE,5383951.0,2020-12-15,2022-01-27,484.38,3.1025,485.0388,498.2518,2.3099,499.0716
EDEESTE,5344956.0,2020-12-15,2022-12-08,5155.74,3.1025,5162.7518,5364.6427,9.9345,5598.2648
EDEESTE,5449947.0,2020-12-15,2022-04-01,1411.14,3.1025,1413.0592,1451.5525,2.3099,1459.82
EDEESTE,5419367.0,2020-12-15,2022-02-14,1420.02,3.1025,1421.9512,1460.6868,2.3099,1464.7542
EDEESTE,5405174.0,2020-12-15,2021-02-15,1331.22,3.1025,1333.0305,1333.0305,3.1025,1338.1293
EDEESTE,5563323.0,2020-12-15,2022-02-07,1224.66,3.1025,1226.3255,1259.7321,2.3099,1262.6818
EDEESTE,5569681.0,2020-12-15,2022-03-18,1713.06,3.1025,1715.3898,1762.119,2.3099,1770.5942
EDEESTE,5558436.0,2020-12-15,2022-06-25,422.22,3.1025,422.7942,434.3116,2.3099,439.1216
EDEESTE,5511077.0,2020-12-15,2021-09-02,386.7,3.1025,387.2259,393.2328,2.3099,394.8006
EDEESTE,5496858.0,2020-12-15,2021-05-17,1393.38,3.1025,1395.275,1395.275,3.1025,1411.4044
EDEESTE,5607330.0,2020-12-15,2022-06-11,1206.9,3.1025,1208.5414,1241.4635,2.3099,1254.1126
EDEESTE,5606607.0,2020-12-15,2023-09-22,164.7,3.1025,164.924,188.8213,8.5636,192.4983
EDEESTE,5607578.0,2020-12-15,2023-06-15,590.94,3.1025,591.7437,645.4268,9.9345,674.4125
EDEESTE,5607545.0,2020-12-15,2021-05-03,1739.7,3.1025,1742.066,1742.066,3.1025,1760.1312
EDEESTE,5607582.0,2020-12-15,2023-01-19,590.94,3.1025,591.7437,645.4268,9.9345,648.5889
EDEESTE,5607610.0,2020-12-15,2022-08-19,3525.34,3.1025,3530.1345,3668.1814,9.9345,3717.1029
EDEESTE,5607511.0,2020-12-15,2023-11-24,493.26,3.1025,493.9308,565.5009,8.5636,584.8718
EDEESTE,5607433.0,2020-12-15,2021-12-22,386.7,3.1025,387.2259,393.2328,2.3099,397.5629
EDEESTE,3102530.0,2020-12-15,2021-02-02,645.48,3.1025,646.3579,646.3579,3.1025,648.1159
EDEESTE,3018950.0,2020-12-16,2022-07-18,5562.54,3.1025,5569.6322,5787.4343,9.9345,5814.2129
EDEESTE,5607665.0,2020-12-16,2021-03-01,777.42,3.1025,778.4112,778.4112,3.1025,782.3149
EDEESTE,3201872.0,2020-12-16,2022-10-10,1748.58,3.1025,1750.8094,1819.2753,9.9345,1869.2872
EDEESTE,3107950.0,2020-12-16,2021-03-03,804.06,3.1025,805.0852,805.0852,3.1025,809.2595
EDEESTE,3105204.0,2020-12-16,2023-04-25,1473.3,3.1025,1475.1785,1609.007,9.9345,1658.9318
EDEESTE,3047716.0,2020-12-16,2022-01-14,919.5,3.1025,920.6724,945.7525,2.3099,946.5306
EDEESTE,3480387.0,2020-12-16,2021-10-05,370.86,3.1025,371.3328,377.0931,2.3099,379.3841
EDEESTE,3332512.0,2020-12-16,2022-02-14,1198.02,3.1025,1199.5475,1232.2245,2.3099,1235.6557
EDEESTE,3415125.0,2020-12-16,2022-08-29,941.28,3.1025,942.4801,979.3361,9.9345,995.0628
EDEESTE,3352167.0,2020-12-16,2022-09-29,351.18,3.1025,351.6278,365.3783,9.9345,374.3286
EDEESTE,4113628.0,2020-12-16,2022-12-09,2680.58,3.1025,2683.9977,2788.9562,9.9345,2911.1702
EDEESTE,4035693.0,2020-12-16,2021-09-01,2245.44,3.1025,2248.3029,2283.1797,2.3099,2292.1382
EDEESTE,4025484.0,2020-12-16,2023-10-21,1295.7,3.1025,1297.352,1485.3371,8.5636,1524.3678
EDEESTE,4025097.0,2020-12-16,2021-04-30,413.34,3.1025,413.867,413.867,3.1025,418.0533
EDEESTE,3495553.0,2020-12-16,2022-04-12,848.46,3.1025,849.5418,872.6843,2.3099,878.2623
EDEESTE,3495647.0,2020-12-16,2021-02-22,422.22,3.1025,422.7583,422.7583,3.1025,424.6269
EDEESTE,5080318.0,2020-12-16,2022-02-14,715.26,3.1025,716.172,735.6813,2.3099,737.7298
EDEESTE,5231892.0,2020-12-16,2021-08-31,271.26,3.1025,271.6059,279.0047,2.3099,280.0818
EDEESTE,5148934.0,2020-12-16,2021-08-19,848.46,3.1025,849.5418,862.7203,2.3099,865.3956
EDEESTE,5367788.0,2020-12-16,2022-01-04,1958.88,3.1025,1961.3776,2014.8078,2.3099,2015.1903
EDEESTE,5313078.0,2020-12-16,2021-03-22,1313.46,3.1025,1315.1347,1315.1347,3.1025,1324.0776
EDEESTE,5323097.0,2020-12-16,2021-12-09,2508.12,3.1025,2511.3179,2550.2747,2.3099,2576.2591
EDEESTE,5415583.0,2020-12-16,2023-02-10,493.26,3.1025,493.8889,538.6946,9.9345,544.5595
EDEESTE,5589606.0,2020-12-16,2024-01-26,1535.46,3.1025,1537.4177,1835.5558,8.5636,1846.3222
EDEESTE,5543078.0,2020-12-16,2023-09-27,368.94,3.1025,369.4104,422.9376,8.5636,431.6698
EDEESTE,5545662.0,2020-12-16,2023-10-19,262.38,3.1025,262.7145,300.7816,8.5636,308.5442
EDEESTE,5523740.0,2020-12-16,2023-07-08,1047.84,3.1025,1049.176,1201.2006,8.5636,1203.1734
EDEESTE,5607203.0,2020-12-16,2022-11-11,3525.33,3.1025,3529.8248,3667.8596,9.9345,3800.635
EDEESTE,5607913.0,2020-12-16,2022-07-26,239.76,3.1025,240.0657,249.4535,9.9345,251.1509
EDEESTE,5607197.0,2020-12-16,2022-11-22,1277.94,3.1025,1279.5694,1329.6073,9.9345,1381.7195
EDEESTE,5607885.0,2020-12-16,2022-06-17,937.26,3.1025,938.455,964.0196,2.3099,974.2079
EDEESTE,5607898.0,2020-12-16,2022-06-27,1624.56,3.1025,1626.6313,1670.9426,2.3099,1689.6596
EDEESTE,5607683.0,2020-12-16,2023-09-29,1642.02,3.1025,1644.1136,1882.3441,8.5636,1922.0911
EDEESTE,3226621.0,2020-12-16,2024-01-12,679.74,3.1025,680.6067,812.5908,8.5636,814.688
EDEESTE,3138663.0,2020-12-17,2021-06-09,537.66,3.1025,538.2998,538.2998,3.1025,545.5749
EDEESTE,5607874.0,2020-12-17,2023-10-04,910.62,3.1025,911.7036,1043.8086,8.5636,1067.0739
EDEESTE,3415972.0,2020-12-17,2022-12-26,1831.76,3.1025,1833.9398,1905.6565,9.9345,1997.9812
EDEESTE,4105566.0,2020-12-17,2022-12-02,1526.58,3.1025,1528.3966,1588.165,9.9345,1654.7336
EDEESTE,4096567.0,2020-12-17,2022-02-17,1437.78,3.1025,1439.491,1478.7044,2.3099,1483.1026
EDEESTE,3526512.0,2020-12-17,2021-05-20,1473.3,3.1025,1475.0532,1475.0532,3.1025,1492.481
EDEESTE,3495404.0,2020-12-17,2021-02-13,368.94,3.1025,369.379,369.379,3.1025,370.7291
EDEESTE,5036277.0,2020-12-17,2023-09-25,1260.18,3.1025,1261.6796,1444.4958,8.5636,1473.6417
EDEESTE,4133231.0,2020-12-17,2021-02-09,892.86,3.1025,893.9225,893.9225,3.1025,896.8859
EDEESTE,5305792.0,2020-12-17,2021-08-12,1526.58,3.1025,1528.3966,1552.1059,2.3099,1556.2313
EDEESTE,5197543.0,2020-12-17,2022-02-08,790.32,3.1025,791.2605,812.8153,2.3099,814.77
EDEESTE,5090764.0,2020-12-17,2023-05-09,1982.76,3.1025,1985.1195,2165.21,9.9345,2240.6433
EDEESTE,5375006.0,2020-12-17,2023-05-04,812.94,3.1025,813.9074,887.7453,9.9345,917.4651
EDEESTE,5332734.0,2020-12-17,2021-09-09,928.38,3.1025,929.4848,943.9034,2.3099,948.0848
EDEESTE,5311620.0,2020-12-17,2021-11-22,866.22,3.1025,867.2508,880.704,2.3099,888.7299
EDEESTE,5471313.0,2020-12-17,2021-08-31,759.66,3.1025,760.564,781.2826,2.3099,784.2987
EDEESTE,5467576.0,2020-12-17,2022-10-17,1331.22,3.1025,1332.8042,1384.9238,9.9345,1425.634
EDEESTE,5470601.0,2020-12-17,2021-04-23,963.9,3.1025,965.047,965.047,3.1025,974.2343
EDEESTE,5426803.0,2020-12-17,2021-11-01,120.3,3.1025,120.4432,122.3115,2.3099,123.2636
EDEESTE,5437719.0,2020-12-17,2022-06-23,405.96,3.1025,406.4431,417.5151,2.3099,422.0862
EDEESTE,5422384.0,2020-12-17,2023-06-15,1286.82,3.1025,1288.3513,1405.2309,9.9345,1468.3389
EDEESTE,5409946.0,2020-12-17,2021-07-29,741.9,3.1025,742.7829,754.3053,2.3099,755.6419
EDEESTE,5519711.0,2020-12-17,2022-07-19,919.5,3.1025,920.5942,956.5943,9.9345,961.2809
EDEESTE,5607273.0,2020-12-17,2021-03-12,856.53,3.1025,857.5493,857.5493,3.1025,862.6517
EDEESTE,5608114.0,2020-12-17,2021-02-09,955.02,3.1025,956.1565,956.1565,3.1025,959.3261
EDEESTE,5608154.0,2020-12-17,2021-02-08,537.66,3.1025,538.2998,538.2998,3.1025,540.0385
EDEESTE,5607594.0,2020-12-17,2023-07-10,368.94,3.1025,369.379,422.9017,8.5636,423.7947
EDEESTE,5608184.0,2020-12-17,2023-09-28,1331.22,3.1025,1332.8042,1525.9262,8.5636,1557.7892
EDEESTE,5608073.0,2020-12-17,2021-08-10,1615.38,3.1025,1617.3023,1642.3907,2.3099,1646.5482
EDEESTE,5608077.0,2020-12-17,2023-10-23,1615.38,3.1025,1617.3023,1851.6479,8.5636,1901.1731
EDEESTE,5608144.0,2020-12-17,2024-02-28,1323.12,3.1025,1324.6945,1581.581,8.5636,1603.103
EDEESTE,5608128.0,2020-12-17,2021-03-06,3430.56,3.1025,3434.6424,3434.6424,3.1025,3453.3268
EDEESTE,5607454.0,2020-12-17,2022-01-27,821.82,3.1025,822.798,845.2119,2.3099,846.6027
EDEESTE,5608048.0,2020-12-17,2021-06-22,1295.7,3.1025,1297.2419,1297.2419,3.1025,1316.2076
EDEESTE,5608025.0,2020-12-17,2024-02-09,289.02,3.1025,289.3639,345.4778,8.5636,348.6389
EDEESTE,3435171.0,2020-12-17,2022-04-25,1899.54,3.1025,1901.8005,1953.6077,2.3099,1967.702
EDEESTE,3492046.0,2020-12-18,2021-09-28,493.26,3.1025,493.8051,501.4652,2.3099,504.2896
EDEESTE,5608254.0,2020-12-18,2021-03-17,896.88,3.1025,897.8711,897.8711,3.1025,903.595
EDEESTE,4090181.0,2020-12-18,2023-07-05,346.32,3.1025,346.7027,396.9396,8.5636,397.3121
EDEESTE,4078916.0,2020-12-18,2022-12-05,919.5,3.1025,920.516,956.5131,9.9345,997.3868
EDEESTE,4082719.0,2020-12-18,2022-07-28,733.02,3.1025,733.83,762.5266,9.9345,768.1303
EDEESTE,4032344.0,2020-12-18,2021-04-06,1101.12,3.1025,1102.3367,1102.3367,3.1025,1111.2381
EDEESTE,4006033.0,2020-12-18,2022-04-08,5095.24,3.1025,5100.8702,5239.8239,2.3099,5271.9893
EDEESTE,5038518.0,2020-12-18,2021-05-03,1367.52,3.1025,1369.0311,1369.0311,3.1025,1383.228
EDEESTE,4127415.0,2020-12-18,2022-10-28,1668.66,3.1025,1670.5039,1735.8294,9.9345,1792.0515
EDEESTE,5247355.0,2020-12-18,2022-01-31,1686.42,3.1025,1688.2835,1734.2743,2.3099,1737.5669
EDEESTE,5389349.0,2020-12-18,2022-04-01,1624.26,3.1025,1626.0548,1670.3504,2.3099,1679.8642
EDEESTE,5339215.0,2020-12-18,2021-11-09,1206.9,3.1025,1208.2336,1226.9763,2.3099,1237.1484
EDEESTE,5302589.0,2020-12-18,2022-11-08,1719.36,3.1025,1721.2599,1788.5702,9.9345,1851.8555
EDEESTE,5469196.0,2020-12-18,2023-06-17,3277.23,3.1025,3280.8513,3578.491,9.9345,3741.1468
EDEESTE,5435647.0,2020-12-18,2021-10-29,1101.12,3.1025,1102.3367,1119.4367,2.3099,1127.938
EDEESTE,5441303.0,2020-12-18,2021-12-30,1348.98,3.1025,1350.4706,1371.4198,2.3099,1387.2156
EDEESTE,5591105.0,2020-12-18,2022-11-12,963.9,3.1025,964.9651,1002.7003,9.9345,1039.2707
EDEESTE,5542148.0,2020-12-18,2024-01-24,1295.7,3.1025,1297.1317,1548.6733,8.5636,1557.0303
EDEESTE,5546624.0,2020-12-18,2021-03-19,1437.78,3.1025,1439.3687,1439.3687,3.1025,1448.7894
EDEESTE,5608320.0,2020-12-18,2023-02-14,1684.26,3.1025,1686.1211,1839.0864,9.9345,1861.111
EDEESTE,5608161.0,2020-12-18,2021-09-21,351.18,3.1025,351.5681,357.0218,2.3099,358.8745
EDEESTE,5606945.0,2020-12-18,2023-11-23,955.02,3.1025,956.0753,1094.6097,8.5636,1131.8481
EDEESTE,5608135.0,2020-12-18,2021-06-11,1286.82,3.1025,1288.2419,1288.2419,3.1025,1305.8715
EDEESTE,5608331.0,2020-12-18,2021-02-11,1393.38,3.1025,1394.9197,1394.9197,3.1025,1399.781
EDEESTE,5608337.0,2020-12-18,2022-12-13,908.16,3.1025,909.1635,944.7166,9.9345,987.1433
EDEESTE,5608301.0,2020-12-18,2021-07-17,3263.28,3.1025,3266.8859,3317.5635,2.3099,3320.9227
EDEESTE,4104131.0,2020-12-18,2023-09-22,608.7,3.1025,609.3726,697.6701,8.5636,711.2561
EDEESTE,3094895.0,2020-12-19,2022-04-22,2677.8,3.1025,2680.5314,2753.5521,2.3099,2772.8948
EDEESTE,5607653.0,2020-12-19,2021-07-08,368.94,3.1025,369.3163,375.0453,2.3099,375.2115
EDEESTE,3490895.0,2020-12-19,2021-05-28,963.9,3.1025,964.8832,964.8832,3.1025,976.9394
EDEESTE,3415087.0,2020-12-19,2022-08-30,515.04,3.1025,515.5653,535.7267,9.9345,544.4755
EDEESTE,4090415.0,2020-12-19,2024-01-15,2257.38,3.1025,2259.6825,2697.8832,8.5636,2706.7448
EDEESTE,3500185.0,2020-12-19,2021-02-16,812.94,3.1025,813.7692,813.7692,3.1025,816.951
EDEESTE,3493171.0,2020-12-19,2021-08-03,963.9,3.1025,964.8832,979.8509,2.3099,981.8973
EDEESTE,4995125.0,2020-12-19,2021-03-02,937.26,3.1025,938.216,938.216,3.1025,943.0009
EDEESTE,5075049.0,2020-12-19,2022-05-12,733.02,3.1025,733.7677,753.7564,2.3099,760.0053
EDEESTE,5262053.0,2020-12-19,2021-04-07,7799.94,3.1025,7807.8959,7807.8959,3.1025,7871.6084
EDEESTE,5234636.0,2020-12-19,2021-12-09,1446.66,3.1025,1448.1356,1470.5998,2.3099,1485.5836
EDEESTE,5155595.0,2020-12-19,2022-09-13,2371.12,3.1025,2373.5385,2466.3564,9.9345,2516.0318
EDEESTE,5386268.0,2020-12-19,2023-01-20,1304.58,3.1025,1305.9107,1424.3832,9.9345,1431.7492
EDEESTE,5344755.0,2020-12-19,2022-03-14,679.74,3.1025,680.4333,698.9691,2.3099,702.154
EDEESTE,5346587.0,2020-12-19,2021-10-04,724.14,3.1025,724.8786,736.1233,2.3099,740.5489
EDEESTE,5330734.0,2020-12-19,2022-02-07,1056.72,3.1025,1057.7979,1086.6135,2.3099,1089.1578
EDEESTE,5337792.0,2020-12-19,2022-11-21,1473.3,3.1025,1474.8028,1532.4753,9.9345,1592.1215
EDEESTE,5322740.0,2020-12-19,2022-12-07,1171.38,3.1025,1172.5748,1218.4287,9.9345,1271.1578
EDEESTE,5398689.0,2020-12-19,2022-02-26,1313.46,3.1025,1314.7997,1350.6164,2.3099,1355.4029
EDEESTE,5563112.0,2020-12-19,2021-11-26,768.54,3.1025,769.3239,781.258,2.3099,788.5754
EDEESTE,5608392.0,2020-12-19,2021-04-30,289.02,3.1025,289.3148,289.3148,3.1025,292.2412
EDEESTE,3056551.0,2020-12-19,2022-03-01,573.18,3.1025,573.7646,589.3947,2.3099,591.5953
EDEESTE,3109278.0,2020-12-21,2021-12-03,963.9,3.1025,964.7193,979.6845,2.3099,989.2944
EDEESTE,5608714.0,2020-12-21,2022-07-30,478.32,3.1025,478.7266,497.4473,9.9345,501.3737
EDEESTE,3327948.0,2020-12-21,2021-06-16,1260.18,3.1025,1261.2512,1261.2512,3.1025,1279.0474
EDEESTE,3409629.0,2020-12-21,2022-05-06,351.18,3.1025,351.4785,361.0532,2.3099,363.9093
EDEESTE,4078911.0,2020-12-21,2021-02-27,555.42,3.1025,555.8921,555.8921,3.1025,558.5854
EDEESTE,4071318.0,2020-12-21,2023-07-27,1491.06,3.1025,1492.3274,1708.5642,8.5636,1718.9866
EDEESTE,4010198.0,2020-12-21,2021-01-28,368.94,3.1025,369.2536,369.2536,3.1025,370.101
EDEESTE,5114629.0,2020-12-21,2022-11-11,1517.7,3.1025,1518.99,1578.3906,9.9345,1635.5278
EDEESTE,4946101.0,2020-12-21,2022-08-27,1295.7,3.1025,1296.8013,1347.5131,9.9345,1368.4187
EDEESTE,5291793.0,2020-12-21,2022-07-18,741.9,3.1025,742.5306,771.5675,9.9345,775.1375
EDEESTE,5260105.0,2020-12-21,2023-07-24,1695.3,3.1025,1696.741,1942.5972,8.5636,1953.0799
EDEESTE,5216494.0,2020-12-21,2023-09-05,1171.38,3.1025,1172.3757,1342.2518,8.5636,1363.0364
EDEESTE,5384283.0,2020-12-21,2021-08-10,2510.52,3.1025,2512.6539,2551.6315,2.3099,2558.0907
EDEESTE,5342900.0,2020-12-21,2021-07-28,1331.22,3.1025,1332.3515,1353.0196,2.3099,1355.3315
EDEESTE,5360411.0,2020-12-21,2023-11-10,1313.46,3.1025,1314.5764,1505.0573,8.5636,1551.6685
EDEESTE,5339196.0,2020-12-21,2021-11-09,1482.18,3.1025,1483.4399,1506.4517,2.3099,1518.9407
EDEESTE,5461535.0,2020-12-21,2021-06-14,590.94,3.1025,591.4423,591.4423,3.1025,599.687
EDEESTE,5465277.0,2020-12-21,2022-05-06,2173.8,3.1025,2175.6477,2234.9149,2.3099,2252.5945
EDEESTE,5454553.0,2020-12-21,2022-07-25,1633.14,3.1025,1634.5282,1698.4469,9.9345,1709.5416
EDEESTE,5427843.0,2020-12-21,2022-01-13,1607.28,3.1025,1608.6462,1652.4676,2.3099,1653.7225
EDEESTE,5387748.0,2020-12-21,2021-07-13,1491.06,3.1025,1492.3274,1515.4771,2.3099,1516.628
EDEESTE,5595099.0,2020-12-21,2023-02-14,431.1,3.1025,431.4664,470.6092,9.9345,476.2451
EDEESTE,5584601.0,2020-12-21,2023-02-02,1491.06,3.1025,1492.3274,1627.7117,9.9345,1641.8886
EDEESTE,5542545.0,2020-12-21,2023-01-17,786.3,3.1025,786.9684,858.3623,9.9345,862.1004
EDEESTE,5607987.0,2020-12-21,2021-10-29,573.18,3.1025,573.6672,582.5662,2.3099,586.9903
EDEESTE,5608537.0,2020-12-21,2022-05-09,155.82,3.1025,155.9524,160.2008,2.3099,161.4985
EDEESTE,5608333.0,2020-12-21,2021-02-23,626.46,3.1025,626.9925,626.9925,3.1025,629.8171
EDEESTE,5608442.0,2020-12-21,2021-05-11,1323.12,3.1025,1324.2447,1324.2447,3.1025,1338.8776
EDEESTE,5608583.0,2020-12-21,2021-02-13,2627.52,3.1025,2629.7534,2629.7534,3.1025,2639.3651
EDEESTE,5608593.0,2020-12-21,2022-11-12,1163.28,3.1025,1164.2688,1209.7978,9.9345,1253.9214
EDEESTE,5608664.0,2020-12-21,2022-03-01,2521.14,3.1025,2523.283,2592.0201,2.3099,2601.6982
EDEESTE,5608651.0,2020-12-21,2021-12-03,1242.42,3.1025,1243.4761,1262.7655,2.3099,1275.1522
EDEESTE,5608603.0,2020-12-21,2021-04-13,2148.08,3.1025,2149.9059,2149.9059,3.1025,2168.5456
EDEESTE,5608439.0,2020-12-21,2022-02-25,280.14,3.1025,280.3781,288.0159,2.3099,289.0184
EDEESTE,3016540.0,2020-12-21,2021-07-12,3266.74,3.1025,3269.5167,3320.2351,2.3099,3322.5464
EDEESTE,3119582.0,2020-12-22,2023-09-06,1198.02,3.1025,1198.9365,1372.6612,8.5636,1394.2388
EDEESTE,5608867.0,2020-12-22,2022-01-04,653.1,3.1025,653.5996,671.4044,2.3099,671.5319
EDEESTE,3046248.0,2020-12-22,2023-07-06,1224.66,3.1025,1225.5969,1403.1847,8.5636,1404.8307
EDEESTE,3325725.0,2020-12-22,2022-10-15,2426.88,3.1025,2428.7366,2523.713,9.9345,2596.5243
EDEESTE,4054218.0,2020-12-22,2021-06-04,1242.42,3.1025,1243.3705,1243.3705,3.1025,1259.6462
EDEESTE,4010879.0,2020-12-22,2023-10-24,1935.0,3.1025,1936.4803,2217.0744,8.5636,2276.8938
EDEESTE,4933895.0,2020-12-22,2021-11-24,2018.58,3.1025,2020.1242,2051.4614,2.3099,2070.4161
EDEESTE,5271043.0,2020-12-22,2022-10-21,875.1,3.1025,875.7695,910.0167,9.9345,937.7576
EDEESTE,5255961.0,2020-12-22,2021-03-03,812.94,3.1025,813.5619,813.5619,3.1025,817.7802
EDEESTE,5224140.0,2020-12-22,2021-08-21,519.9,3.1025,520.2977,528.3688,2.3099,530.0742
EDEESTE,5353441.0,2020-12-22,2022-02-15,1508.82,3.1025,1509.9742,1551.1077,2.3099,1555.525
EDEESTE,5348960.0,2020-12-22,2022-03-14,919.5,3.1025,920.2034,945.2708,2.3099,949.578
EDEESTE,5355060.0,2020-12-22,2021-06-22,857.34,3.1025,857.9959,857.9959,3.1025,870.5398
EDEESTE,5304986.0,2020-12-22,2021-11-09,537.66,3.1025,538.0713,546.4181,2.3099,550.9481
EDEESTE,5455714.0,2020-12-22,2022-06-20,1375.62,3.1025,1376.6723,1414.1745,2.3099,1429.3888
EDEESTE,5395919.0,2020-12-22,2022-02-17,1198.02,3.1025,1198.9365,1231.5969,2.3099,1235.2602
EDEESTE,5582630.0,2020-12-22,2022-01-11,1251.3,3.1025,1252.2572,1286.3702,2.3099,1287.1843
EDEESTE,5472323.0,2020-12-22,2022-12-17,1428.9,3.1025,1429.9931,1485.9134,9.9345,1554.2626
EDEESTE,5608636.0,2020-12-22,2023-01-25,351.18,3.1025,351.4487,383.3322,9.9345,385.8362
EDEESTE,5608773.0,2020-12-22,2021-09-27,1815.6,3.1025,1816.9889,1845.175,2.3099,1855.4509
EDEESTE,5608818.0,2020-12-22,2022-07-27,919.5,3.1025,920.2034,956.1882,9.9345,962.9548
EDEESTE,5608753.0,2020-12-22,2022-10-18,848.46,3.1025,849.1091,882.3137,9.9345,908.4897
EDEESTE,5608793.0,2020-12-22,2022-03-15,1384.5,3.1025,1385.5591,1423.3034,2.3099,1429.8788
EDEESTE,5608690.0,2020-12-22,2022-03-01,351.18,3.1025,351.4487,361.0225,2.3099,362.3705
EDEESTE,5608801.0,2020-12-22,2022-01-11,1517.7,3.1025,1518.861,1560.2366,2.3099,1561.224
EDEESTE,3031994.0,2020-12-22,2021-09-17,453.72,3.1025,454.0671,461.1108,2.3099,463.387
EDEESTE,3223989.0,2020-12-23,2022-08-25,1411.14,3.1025,1412.0996,1467.3201,9.9345,1489.2856
EDEESTE,5609172.0,2020-12-23,2023-10-17,781.44,3.1025,781.9714,895.2783,8.5636,917.9636
EDEESTE,3101363.0,2020-12-23,2023-09-20,1375.62,3.1025,1376.5554,1576.017,8.5636,1605.9679
EDEESTE,3073067.0,2020-12-23,2022-05-14,328.56,3.1025,328.7834,337.7399,2.3099,340.5826
EDEESTE,3471170.0,2020-12-23,2021-07-23,2747.5,3.1025,2749.3683,2792.0179,2.3099,2795.9051
EDEESTE,3356416.0,2020-12-23,2021-07-30,857.34,3.1025,857.923,871.2315,2.3099,872.8305
EDEESTE,3242968.0,2020-12-23,2022-04-21,795.18,3.1025,795.7207,817.3971,2.3099,823.0873
EDEESTE,4114003.0,2020-12-23,2022-04-21,644.22,3.1025,644.6581,662.2193,2.3099,666.8292
EDEESTE,4060602.0,2020-12-23,2022-09-23,1180.26,3.1025,1181.0626,1227.2484,9.9345,1255.3069
EDEESTE,3496858.0,2020-12-23,2021-05-14,404.46,3.1025,404.735,404.735,3.1025,409.3106
EDEESTE,5094081.0,2020-12-23,2021-04-23,1366.74,3.1025,1367.6694,1367.6694,3.1025,1380.6896
EDEESTE,4885222.0,2020-12-23,2021-03-01,1074.48,3.1025,1075.2106,1075.2106,3.1025,1080.6028
EDEESTE,4853392.0,2020-12-23,2021-04-19,857.34,3.1025,857.923,857.923,3.1025,865.7987
EDEESTE,4166855.0,2020-12-23,2022-11-22,280.14,3.1025,280.3305,291.2929,9.9345,302.7097
EDEESTE,4639448.0,2020-12-23,2021-03-10,204.24,3.1025,204.3789,204.3789,3.1025,205.5602
EDEESTE,4156384.0,2020-12-23,2021-06-26,564.3,3.1025,564.6837,564.6837,3.1025,573.1314
EDEESTE,5169913.0,2020-12-23,2023-01-06,1251.3,3.1025,1252.1509,1365.7463,9.9345,1367.6049
EDEESTE,5350298.0,2020-12-23,2021-04-05,386.7,3.1025,386.963,386.963,3.1025,390.0548
EDEESTE,5333418.0,2020-12-23,2023-01-04,1366.74,3.1025,1367.6694,1491.7447,9.9345,1492.9627
EDEESTE,5468047.0,2020-12-23,2021-09-21,1526.58,3.1025,1527.6181,1551.3152,2.3099,1559.3656
EDEESTE,5448293.0,2020-12-23,2023-12-07,1730.82,3.1025,1731.997,1982.9617,8.5636,2056.9349
EDEESTE,5559882.0,2020-12-23,2023-01-18,555.42,3.1025,555.7977,606.2198,9.9345,609.0248
EDEESTE,5521941.0,2020-12-23,2021-06-29,1659.78,3.1025,1660.9087,1660.9087,3.1025,1686.1794
EDEESTE,5608977.0,2020-12-23,2021-02-25,892.86,3.1025,893.4671,893.4671,3.1025,897.6441
EDEESTE,5608984.0,2020-12-23,2021-10-15,1393.38,3.1025,1394.3275,1415.957,2.3099,1425.4555
EDEESTE,5608995.0,2020-12-23,2022-03-16,626.46,3.1025,626.886,643.9631,2.3099,646.9788
EDEESTE,5609062.0,2020-12-23,2022-09-21,1171.38,3.1025,1172.1765,1218.0148,9.9345,1245.1992
EDEESTE,5609065.0,2020-12-23,2021-12-10,1260.18,3.1025,1261.0369,1280.5988,2.3099,1293.7277
EDEESTE,5609066.0,2020-12-23,2021-02-18,1340.1,3.1025,1341.0113,1341.0113,3.1025,1346.4826
EDEESTE,5609075.0,2020-12-23,2023-09-29,1230.54,3.1025,1231.3768,1409.8021,8.5636,1439.5711
EDEESTE,5609076.0,2020-12-23,2021-03-15,1198.02,3.1025,1198.8347,1198.8347,3.1025,1206.2734
EDEESTE,5609053.0,2020-12-23,2022-10-19,4378.54,3.1025,4381.5174,4552.8579,9.9345,4689.1686
EDEESTE,5608770.0,2020-12-23,2023-01-20,1180.26,3.1025,1181.0626,1288.2089,9.9345,1294.8707
EDEESTE,5609128.0,2020-12-23,2023-03-08,963.9,3.1025,964.5555,1052.0602,9.9345,1070.9591
EDEESTE,5609149.0,2020-12-23,2022-07-25,681.3,3.1025,681.7633,708.4238,9.9345,713.0514
EDEESTE,5609150.0,2020-12-23,2023-05-09,3416.62,3.1025,3418.9433,3729.1107,9.9345,3859.0284
EDEESTE,5609056.0,2020-12-23,2022-09-07,1277.94,3.1025,1278.809,1328.8172,9.9345,1353.4111
EDEESTE,5609003.0,2020-12-23,2022-05-19,1881.78,3.1025,1883.0596,1934.3563,2.3099,1951.2497
EDEESTE,5609033.0,2020-12-23,2023-08-25,812.94,3.1025,813.4928,931.3671,8.5636,943.3855
EDEESTE,5608646.0,2020-12-23,2021-07-07,2259.6,3.1025,2261.1365,2296.2124,2.3099,2297.0843
EDEESTE,5608970.0,2020-12-23,2021-07-19,280.14,3.1025,280.3305,284.6791,2.3099,285.0034
EDEESTE,5609090.0,2020-12-23,2022-09-26,351.18,3.1025,351.4188,365.1611,9.9345,373.808
EDEESTE,5609043.0,2020-12-23,2021-09-20,937.26,3.1025,937.8973,952.4465,2.3099,957.3288
EDEESTE,5609067.0,2020-12-23,2023-01-17,351.18,3.1025,351.4188,383.2996,9.9345,384.9688
EDEESTE,5609133.0,2020-12-23,2022-01-06,1719.36,3.1025,1720.5292,1767.3984,2.3099,1767.9576
EDEESTE,5609095.0,2020-12-23,2022-06-03,777.42,3.1025,777.9486,799.1409,2.3099,806.8786
EDEESTE,3212890.0,2020-12-23,2022-05-26,395.58,3.1025,395.849,406.6324,2.3099,410.3638
EDEESTE,3281805.0,2020-12-24,2021-07-29,715.26,3.1025,715.6856,726.7877,2.3099,728.0755
EDEESTE,5609259.0,2020-12-24,2021-11-16,1331.22,3.1025,1332.0121,1352.6749,2.3099,1364.4883
EDEESTE,4096238.0,2020-12-24,2021-06-16,280.14,3.1025,280.3067,280.3067,3.1025,284.2618
EDEESTE,4023786.0,2020-12-24,2022-08-02,1828.5,3.1025,1829.588,1901.1345,9.9345,1917.6928
EDEESTE,4154052.0,2020-12-24,2022-03-17,839.58,3.1025,840.0796,862.9643,2.3099,867.0602
EDEESTE,4119107.0,2020-12-24,2023-01-03,2231.72,3.1025,2233.0479,2435.6305,9.9345,2436.9564
EDEESTE,5258456.0,2020-12-24,2021-07-08,875.1,3.1025,875.6207,889.2038,2.3099,889.5977
EDEESTE,5237416.0,2020-12-24,2022-09-21,1411.14,3.1025,1411.9796,1467.1955,9.9345,1499.9412
EDEESTE,5338565.0,2020-12-24,2023-10-10,2293.2,3.1025,2294.5645,2627.0446,8.5636,2689.2965
EDEESTE,5551412.0,2020-12-24,2022-06-17,3801.18,3.1025,3803.4417,3907.0519,2.3099,3948.3439
EDEESTE,5483112.0,2020-12-24,2023-07-31,555.42,3.1025,555.7505,663.5223,8.5636,668.1926
EDEESTE,5608857.0,2020-12-24,2023-03-04,511.02,3.1025,511.3241,557.7115,9.9345,567.1229
EDEESTE,5609121.0,2020-12-24,2022-12-10,2468.7,3.1025,2470.1689,2566.7655,9.9345,2679.9415
EDEESTE,5609294.0,2020-12-24,2023-10-10,963.9,3.1025,964.4735,1104.2248,8.5636,1130.3911
EDEESTE,5609236.0,2020-12-24,2021-11-02,715.26,3.1025,715.6856,726.7877,2.3099,732.491
EDEESTE,3091705.0,2020-12-24,2021-07-20,2006.1,3.1025,2007.2936,2038.4318,2.3099,2040.8828
EDEESTE,3119075.0,2020-12-26,2024-01-10,262.38,3.1025,262.4915,313.3942,8.5636,314.056
EDEESTE,5609361.0,2020-12-26,2022-03-14,1704.18,3.1025,1704.9043,1751.3478,2.3099,1759.3279
EDEESTE,3322253.0,2020-12-26,2022-12-14,431.1,3.1025,431.2832,448.1487,9.9345,468.3967
EDEESTE,3383594.0,2020-12-26,2021-03-03,1242.48,3.1025,1243.0081,1243.0081,3.1025,1249.4531
EDEESTE,3362950.0,2020-12-26,2021-02-10,1171.38,3.1025,1171.8778,1171.8778,3.1025,1175.8622
EDEESTE,3352858.0,2020-12-26,2022-03-31,768.54,3.1025,768.8666,789.8114,2.3099,794.26
EDEESTE,4048855.0,2020-12-26,2022-07-19,4530.51,3.1025,4532.4355,4709.6776,9.9345,4732.7513
EDEESTE,4015667.0,2020-12-26,2023-03-03,1021.2,3.1025,1021.634,1114.3169,9.9345,1132.8177
EDEESTE,4944302.0,2020-12-26,2021-10-14,493.26,3.1025,493.4696,501.1246,2.3099,504.4545
EDEESTE,4693122.0,2020-12-26,2023-06-01,937.26,3.1025,937.6583,1022.7229,9.9345,1064.7557
EDEESTE,4822111.0,2020-12-26,2021-10-13,461.76,3.1025,461.9562,469.1223,2.3099,472.2099
EDEESTE,5273977.0,2020-12-26,2022-11-01,262.38,3.1025,262.4915,272.7563,9.9345,281.8876
EDEESTE,5358644.0,2020-12-26,2021-06-12,1482.18,3.1025,1482.8099,1482.8099,3.1025,1503.2282
EDEESTE,5313258.0,2020-12-26,2021-11-10,1206.9,3.1025,1207.4129,1226.1429,2.3099,1236.3856
EDEESTE,5309967.0,2020-12-26,2024-02-16,564.3,3.1025,564.5398,674.0161,8.5636,681.2904
EDEESTE,5475451.0,2020-12-26,2022-05-16,1277.94,3.1025,1278.4831,1313.3105,2.3099,1324.5307
EDEESTE,5457544.0,2020-12-26,2021-07-26,1234.32,3.1025,1234.8446,1254.0001,2.3099,1255.9841
EDEESTE,5461453.0,2020-12-26,2022-04-29,1331.22,3.1025,1331.7858,1368.0652,2.3099,1378.2814
EDEESTE,5448452.0,2020-12-26,2022-11-21,812.94,3.1025,813.2855,845.0893,9.9345,877.9814
EDEESTE,5550488.0,2020-12-26,2021-03-11,1286.82,3.1025,1287.3669,1287.3669,3.1025,1294.9173
EDEESTE,5609430.0,2020-12-26,2022-01-07,1027.56,3.1025,1027.9967,1056.0005,2.3099,1056.4015
EDEESTE,5609428.0,2020-12-26,2021-02-09,653.1,3.1025,653.3776,653.3776,3.1025,655.5435
EDEESTE,5609412.0,2020-12-26,2021-12-06,621.6,3.1025,621.8642,631.5108,2.3099,637.8253
EDEESTE,3070357.0,2020-12-26,2021-02-15,1322.34,3.1025,1322.902,1322.902,3.1025,1327.9621
EDEESTE,3107795.0,2020-12-28,2021-03-05,3193.58,3.1025,3194.3944,3194.3944,3.1025,3211.5003
EDEESTE,5608441.0,2020-12-28,2023-03-08,3973.58,3.1025,3974.5933,4335.1693,9.9345,4413.0452
EDEESTE,4015796.0,2020-12-28,2022-10-25,1402.26,3.1025,1402.6176,1457.4673,9.9345,1503.4835
EDEESTE,3496122.0,2020-12-28,2022-02-25,386.7,3.1025,386.7986,397.3355,2.3099,398.7184
EDEESTE,4994139.0,2020-12-28,2021-04-13,821.82,3.1025,822.0296,822.0296,3.1025,829.1566
EDEESTE,4928679.0,2020-12-28,2021-04-15,1242.42,3.1025,1242.7368,1242.7368,3.1025,1253.7226
EDEESTE,5369571.0,2020-12-28,2022-06-09,3026.52,3.1025,3027.2918,3109.7587,2.3099,3141.05
EDEESTE,5453149.0,2020-12-28,2022-05-16,226.86,3.1025,226.9178,233.0994,2.3099,235.0908
EDEESTE,5427221.0,2020-12-28,2021-05-18,555.42,3.1025,555.5616,555.5616,3.1025,562.0311
EDEESTE,5581398.0,2020-12-28,2021-02-08,1322.34,3.1025,1322.6772,1322.6772,3.1025,1326.9494
EDEESTE,5541496.0,2020-12-28,2023-12-29,883.98,3.1025,884.2054,1012.3259,8.5636,1055.3154
EDEESTE,5512017.0,2020-12-28,2023-11-24,955.02,3.1025,955.2635,1093.6803,8.5636,1131.1437
EDEESTE,5506203.0,2020-12-28,2023-09-14,1668.66,3.1025,1669.0855,1910.9344,8.5636,1944.56
EDEESTE,5503222.0,2020-12-28,2022-08-17,910.62,3.1025,910.8522,946.4713,9.9345,958.579
EDEESTE,5496134.0,2020-12-28,2023-08-03,1875.3,3.1025,1875.7782,2147.5767,8.5636,2164.2041
EDEESTE,5599768.0,2020-12-28,2022-12-07,1215.78,3.1025,1216.09,1263.6456,9.9345,1318.3315
EDEESTE,5609643.0,2020-12-28,2022-01-07,546.54,3.1025,546.6794,561.5715,2.3099,561.7848
EDEESTE,5609661.0,2020-12-28,2022-11-24,235.74,3.1025,235.8001,245.0211,9.9345,254.7578
EDEESTE,5609701.0,2020-12-28,2021-10-16,408.48,3.1025,408.5842,414.9223,2.3099,417.732
EDEESTE,5609602.0,2020-12-28,2021-07-13,1348.98,3.1025,1349.324,1370.2554,2.3099,1371.296
EDEESTE,5609301.0,2020-12-28,2021-04-20,1198.02,3.1025,1198.3255,1198.3255,3.1025,1209.428
EDEESTE,5609323.0,2020-12-28,2023-11-04,901.74,3.1025,901.9699,1032.6645,8.5636,1063.1922
EDEESTE,5609628.0,2020-12-28,2021-11-17,346.32,3.1025,346.4083,351.782,2.3099,354.8765
EDEESTE,5609665.0,2020-12-28,2021-02-17,3416.61,3.1025,3417.4812,3417.4812,3.1025,3431.1341
EDEESTE,5609420.0,2020-12-28,2021-02-16,1886.3,3.1025,1886.781,1886.781,3.1025,1894.1583
EDEESTE,5609537.0,2020-12-28,2021-07-05,804.06,3.1025,804.265,816.7412,2.3099,816.9479
EDEESTE,5609559.0,2020-12-28,2021-11-05,946.14,3.1025,946.3813,961.062,2.3099,968.7862
EDEESTE,5609279.0,2020-12-28,2021-10-29,901.74,3.1025,901.9699,915.9618,2.3099,922.9177
EDEESTE,5608933.0,2020-12-28,2022-10-31,821.82,3.1025,822.0296,896.6043,9.9345,926.3767
EDEESTE,5609306.0,2020-12-28,2022-09-29,6716.7,3.1025,6718.4128,6981.1382,9.9345,7152.1483
EDEESTE,4032610.0,2020-12-28,2021-10-18,1508.82,3.1025,1509.2047,1532.6163,2.3099,1543.1884
EDEESTE,3121831.0,2020-12-29,2022-10-07,2900.85,3.1025,2901.3431,3014.801,9.9345,3095.2161
EDEESTE,5609130.0,2020-12-29,2021-02-18,812.94,3.1025,813.0782,813.0782,3.1025,816.3956
EDEESTE,3097833.0,2020-12-29,2022-06-28,386.7,3.1025,386.7657,397.3017,2.3099,401.7772
EDEESTE,3056754.0,2020-12-29,2021-03-30,1819.62,3.1025,1819.9293,1819.9293,3.1025,1833.5424
EDEESTE,3431793.0,2020-12-29,2022-03-03,836.52,3.1025,836.6622,859.4539,2.3099,862.7717
EDEESTE,3374556.0,2020-12-29,2021-09-03,1340.1,3.1025,1340.3278,1361.1197,2.3099,1366.6325
EDEESTE,4013243.0,2020-12-29,2021-06-28,884.28,3.1025,884.4303,884.4303,3.1025,897.8118
EDEESTE,3495267.0,2020-12-29,2021-12-01,546.54,3.1025,546.6329,555.1126,2.3099,560.4875
EDEESTE,4639717.0,2020-12-29,2021-03-09,235.74,3.1025,235.7801,235.7801,3.1025,237.1228
EDEESTE,5224964.0,2020-12-29,2021-09-23,2149.92,3.1025,2150.2855,2183.6418,2.3099,2195.2499
EDEESTE,5228954.0,2020-12-29,2023-03-23,963.9,3.1025,964.0639,1051.524,9.9345,1074.7063
EDEESTE,5191062.0,2020-12-29,2021-09-02,825.84,3.1025,825.9804,838.7934,2.3099,842.1376
EDEESTE,5455895.0,2020-12-29,2022-09-22,609.66,3.1025,609.7636,633.6086,9.9345,647.9223
EDEESTE,5447556.0,2020-12-29,2023-01-12,1224.66,3.1025,1224.8682,1335.9885,9.9345,1339.9884
EDEESTE,5436635.0,2020-12-29,2021-10-27,1305.36,3.1025,1305.5819,1325.8348,2.3099,1335.7356
EDEESTE,5609733.0,2020-12-29,2022-01-07,1817.82,3.1025,1818.129,1867.657,2.3099,1868.3661
EDEESTE,5609736.0,2020-12-29,2021-08-09,635.34,3.1025,635.448,645.3054,2.3099,646.8981
EDEESTE,5609324.0,2020-12-29,2022-04-29,1719.36,3.1025,1719.6523,1766.4976,2.3099,1779.6892
EDEESTE,5608643.0,2020-12-29,2021-10-11,1218.6,3.1025,1218.8072,1237.7139,2.3099,1245.7034
EDEESTE,5609909.0,2020-12-29,2021-10-01,6941.13,3.1025,6942.31,7050.0026,2.3099,7091.0492
EDEESTE,5609848.0,2020-12-29,2021-11-27,235.74,3.1025,235.7801,239.4376,2.3099,241.6954
EDEESTE,5608952.0,2020-12-29,2021-03-25,734.67,3.1025,734.7949,734.7949,3.1025,739.9789
EDEESTE,5609868.0,2020-12-29,2022-02-11,1437.78,3.1025,1438.0244,1477.1979,2.3099,1481.0307
EDEESTE,5609755.0,2020-12-29,2021-02-25,1411.14,3.1025,1411.3799,1411.3799,3.1025,1417.9781
EDEESTE,5608968.0,2020-12-29,2021-05-18,237.75,3.1025,237.7904,237.7904,3.1025,240.5595
EDEESTE,5609763.0,2020-12-29,2022-05-13,1428.9,3.1025,1429.1429,1468.0744,2.3099,1480.3381
EDEESTE,5609692.0,2020-12-29,2022-10-23,2677.8,3.1025,2678.2552,2782.9892,9.9345,2869.3406
EDEESTE,3130294.0,2020-12-29,2023-05-05,875.1,3.1025,875.2488,954.6515,9.9345,986.8711
EDEESTE,3018107.0,2020-12-30,2021-12-16,466.38,3.1025,466.4196,473.655,2.3099,478.6908
EDEESTE,5610009.0,2020-12-30,2021-06-10,120.3,3.1025,120.3102,120.3102,3.1025,121.9464
EDEESTE,3091737.0,2020-12-30,2022-11-23,4599.99,3.1025,4600.381,4780.2802,9.9345,4968.9379
EDEESTE,3043310.0,2020-12-30,2021-10-20,319.68,3.1025,319.7072,324.6666,2.3099,326.9473
EDEESTE,3378477.0,2020-12-30,2021-04-03,1295.7,3.1025,1295.8101,1295.8101,3.1025,1305.9434
EDEESTE,3363676.0,2020-12-30,2022-09-12,439.98,3.1025,440.0174,457.2244,9.9345,466.309
EDEESTE,4043656.0,2020-12-30,2023-08-19,431.1,3.1025,431.1366,493.6079,8.5636,499.2826
EDEESTE,5046607.0,2020-12-30,2021-09-07,1505.16,3.1025,1505.2879,1528.6387,2.3099,1535.217
EDEESTE,4193716.0,2020-12-30,2023-01-14,706.38,3.1025,706.44,770.5285,9.9345,773.2548
EDEESTE,5290230.0,2020-12-30,2023-08-21,4455.02,3.1025,4455.3987,5100.9817,8.5636,5162.0179
EDEESTE,5278433.0,2020-12-30,2023-09-01,2042.46,3.1025,2042.6336,2338.6093,8.5636,2372.6276
EDEESTE,5360146.0,2020-12-30,2021-03-09,759.66,3.1025,759.7246,759.7246,3.1025,764.0512
EDEESTE,5311387.0,2020-12-30,2022-11-16,883.98,3.1025,884.0551,918.6264,9.9345,953.1305
EDEESTE,5426973.0,2020-12-30,2021-12-04,1570.98,3.1025,1571.1135,1595.4854,2.3099,1611.2368
EDEESTE,5546511.0,2020-12-30,2022-09-15,1313.46,3.1025,1313.5716,1364.9392,9.9345,1393.1737
EDEESTE,5525315.0,2020-12-30,2021-10-23,1260.18,3.1025,1260.2871,1279.8373,2.3099,1289.0707
EDEESTE,5499368.0,2020-12-30,2023-05-10,1295.7,3.1025,1295.8101,1413.3663,9.9345,1462.991
EDEESTE,5610024.0,2020-12-30,2021-08-10,1615.38,3.1025,1615.5173,1640.578,2.3099,1644.731
EDEESTE,5609895.0,2020-12-30,2021-03-01,919.5,3.1025,919.5782,919.5782,3.1025,924.1898
EDEESTE,5609899.0,2020-12-30,2021-02-23,1110.0,3.1025,1110.0943,1110.0943,3.1025,1115.0953
EDEESTE,5610107.0,2020-12-30,2022-04-01,1260.18,3.1025,1260.2871,1294.6188,2.3099,1301.9925
EDEESTE,5610141.0,2020-12-30,2021-02-13,1189.14,3.1025,1189.2411,1189.2411,3.1025,1193.5878
EDEESTE,5610143.0,2020-12-30,2022-09-17,457.74,3.1025,457.7789,475.6805,9.9345,485.7791
EDEESTE,5609925.0,2020-12-30,2021-07-09,1171.38,3.1025,1171.4796,1189.6521,2.3099,1190.2544
EDEESTE,5609814.0,2020-12-30,2023-08-31,768.54,3.1025,768.6053,917.6543,8.5636,930.7875
EDEESTE,3218657.0,2020-12-30,2022-05-13,661.98,3.1025,662.0363,680.0709,2.3099,685.752
EDEESTE,3397485.0,2020-12-31,2021-06-25,1935.0,3.1025,1935.0,1935.0,3.1025,1963.7831
EDEESTE,5610169.0,2020-12-31,2021-11-25,236.0,3.1025,236.0,239.661,2.3099,241.8905
EDEESTE,5147661.0,2020-12-31,2021-04-10,804.06,3.1025,804.06,804.06,3.1025,810.8262
EDEESTE,4130845.0,2020-12-31,2022-10-04,994.56,3.1025,994.56,1033.4526,9.9345,1060.1744
EDEESTE,5252946.0,2020-12-31,2021-10-15,1491.06,3.1025,1491.06,1514.1901,2.3099,1524.3476
EDEESTE,5365096.0,2020-12-31,2021-12-11,1411.14,3.1025,1411.14,1433.0303,2.3099,1447.8127
EDEESTE,5379301.0,2020-12-31,2021-11-25,1642.02,3.1025,1642.02,1667.4918,2.3099,1683.0043
EDEESTE,5363613.0,2020-12-31,2022-01-19,1988.34,3.1025,1988.34,2042.5047,2.3099,2044.8314
EDEESTE,5348338.0,2020-12-31,2022-08-31,1375.62,3.1025,1375.62,1500.4166,9.9345,1525.3278
EDEESTE,5483183.0,2020-12-31,2021-08-27,1917.3,3.1025,1917.3,1947.0421,2.3099,1954.0656
EDEESTE,5447864.0,2020-12-31,2021-12-16,4204.71,3.1025,4204.71,4269.9356,2.3099,4315.333
EDEESTE,5383749.0,2020-12-31,2021-07-13,910.62,3.1025,910.62,924.746,2.3099,925.4483
EDEESTE,5501019.0,2020-12-31,2023-11-24,461.76,3.1025,461.76,528.6686,8.5636,546.7778
EDEESTE,5610237.0,2020-12-31,2021-04-20,617.58,3.1025,617.58,617.58,3.1025,623.3019
EDEESTE,5610142.0,2020-12-31,2023-07-20,138.06,3.1025,138.06,158.0648,8.5636,158.7694
EDEESTE,5610244.0,2020-12-31,2021-10-06,666.0,3.1025,666.0,676.3313,2.3099,680.4831
EDEESTE,5609832.0,2020-12-31,2021-08-10,786.3,3.1025,786.3,798.4975,2.3099,800.5188
EDEESTE,5610018.0,2020-12-31,2022-01-28,333.42,3.1025,333.42,342.5027,2.3099,343.088
EDEESTE,5609088.0,2020-12-31,2023-07-25,1286.82,3.1025,1286.82,1473.279,8.5636,1481.5748
EDEESTE,4037784.0,2020-12-31,2023-08-07,1713.06,3.1025,1713.06,1961.2808,8.5636,1978.3065
EDEESTE,3116575.0,2021-01-02,2021-05-17,1304.58,2.8837,1323.0293,1323.0293,2.7951,1336.8082
EDEESTE,3492860.0,2021-01-02,2021-09-07,111.42,2.8837,112.9957,112.9957,2.3425,113.4888
EDEESTE,5610243.0,2021-01-02,2023-05-06,955.02,2.8837,968.5259,1020.2354,9.9345,1054.9462
EDEESTE,5348522.0,2021-01-02,2021-10-15,848.46,2.8837,860.4589,860.4589,2.3425,866.3125
EDEESTE,5206634.0,2021-01-02,2022-10-22,1570.98,2.8837,1593.1968,1630.4732,5.8614,1660.0602
EDEESTE,3491388.0,2021-01-02,2022-04-27,1943.94,2.8837,1971.4312,1994.5215,2.3099,2009.1634
EDEESTE,3016431.0,2021-01-05,2023-04-13,717.12,2.8837,727.0915,765.9109,9.9345,787.1743
EDEESTE,5610467.0,2021-01-05,2021-03-18,253.5,2.8837,257.0249,257.0249,2.832,258.5405
EDEESTE,3415085.0,2021-01-05,2021-12-02,1233.54,2.8837,1250.6923,1250.6923,2.3425,1263.0535
EDEESTE,3297981.0,2021-01-05,2023-03-06,1233.54,2.8837,1250.6923,1317.4668,9.9345,1340.4162
EDEESTE,4150714.0,2021-01-05,2021-05-08,839.58,2.8837,851.2543,851.2543,2.7951,859.5331
EDEESTE,4107286.0,2021-01-05,2022-02-17,2524.46,2.8837,2559.5625,2589.5414,2.3099,2597.2437
EDEESTE,4107019.0,2021-01-05,2023-03-14,3611.54,2.8837,3661.7583,3857.2595,9.9345,3932.8496
EDEESTE,5511912.0,2021-01-05,2023-03-15,733.02,2.8837,743.2126,782.8927,9.9345,798.448
EDEESTE,5476291.0,2021-01-05,2021-09-14,1323.12,2.8837,1341.5179,1341.5179,2.3425,1347.9751
EDEESTE,5610022.0,2021-01-05,2022-10-11,3834.78,2.8837,3888.1025,3979.0735,5.8614,4044.2499
EDEESTE,5610403.0,2021-01-05,2021-05-19,1224.66,2.8837,1241.6889,1241.6889,2.7951,1254.8107
EDEESTE,5610113.0,2021-01-05,2023-05-13,555.42,2.8837,563.1431,593.2093,9.9345,614.5218
EDEESTE,5610431.0,2021-01-05,2023-02-17,2064.44,2.8837,2093.146,2204.899,9.9345,2233.1049
EDEESTE,5610394.0,2021-01-05,2021-11-17,1597.62,2.8837,1619.8348,1619.8348,2.3425,1634.285
EDEESTE,3328969.0,2021-01-05,2023-02-16,1331.22,2.8837,1349.7306,1421.7927,9.9345,1439.5938
EDEESTE,3131402.0,2021-01-06,2023-03-20,3284.46,2.8837,3329.8708,3507.6525,9.9345,3582.1196
EDEESTE,5610516.0,2021-01-06,2021-02-20,417.36,2.8837,423.1304,423.1304,2.8996,424.8111
EDEESTE,3417443.0,2021-01-06,2023-07-20,706.38,2.8837,716.1464,791.8534,9.5005,795.7695
EDEESTE,3277037.0,2021-01-06,2021-11-18,2050.5,2.8837,2078.8501,2078.8501,2.3425,2097.5285
EDEESTE,4025218.0,2021-01-06,2021-07-23,706.38,2.8837,716.1464,716.1464,2.3425,717.1575
EDEESTE,3433344.0,2021-01-06,2021-12-07,3444.5,2.8837,3492.1235,3492.1235,2.3425,3527.7582
EDEESTE,5075662.0,2021-01-06,2021-12-15,444.0,2.8837,450.1387,450.1387,2.3425,454.9632
EDEESTE,4944279.0,2021-01-06,2021-09-07,1526.58,2.8837,1547.6864,1547.6864,2.3425,1554.4407
EDEESTE,4160319.0,2021-01-06,2023-06-06,919.5,2.8837,932.213,981.9838,9.9345,1023.6786
EDEESTE,4162308.0,2021-01-06,2021-02-23,555.42,2.8837,563.0992,563.0992,2.8996,565.47
EDEESTE,4166373.0,2021-01-06,2021-02-11,2301.42,2.8837,2333.2393,2333.2393,2.8996,2340.8388
EDEESTE,4140867.0,2021-01-06,2023-03-10,484.38,2.8837,491.077,517.2956,9.9345,526.8698
EDEESTE,5326955.0,2021-01-06,2023-07-21,1366.74,2.8837,1385.6365,1532.1183,9.5005,1540.0942
EDEESTE,5303534.0,2021-01-06,2022-12-09,1402.26,2.8837,1421.6476,1454.9103,5.8614,1492.5261
EDEESTE,5406998.0,2021-01-06,2021-12-04,1230.54,2.8837,1247.5534,1247.5534,2.3425,1260.0436
EDEESTE,5563399.0,2021-01-06,2021-10-22,3586.74,2.8837,3636.3301,3636.3301,2.3425,3662.7012
EDEESTE,5510418.0,2021-01-06,2023-03-10,1189.14,2.8837,1205.581,1269.9469,9.9345,1293.4513
EDEESTE,5610538.0,2021-01-06,2023-12-19,1242.42,2.8837,1259.5976,1392.7554,9.5005,1454.7458
EDEESTE,5610495.0,2021-01-06,2022-01-18,3604.4,2.8837,3654.2343,3697.0345,2.3099,3701.0119
EDEESTE,3073151.0,2021-01-06,2022-05-26,368.94,2.8837,374.0409,378.4219,2.3099,381.8944
EDEESTE,3214218.0,2021-01-07,2022-04-06,502.14,2.8837,509.0429,515.0051,2.3099,518.1013
EDEESTE,5610685.0,2021-01-07,2021-12-28,430.56,2.8837,436.4789,436.4789,2.3425,441.5211
EDEESTE,3129143.0,2021-01-07,2023-08-24,280.14,2.8837,283.9911,314.013,9.5005,318.4267
EDEESTE,3070833.0,2021-01-07,2022-09-10,244.62,2.8837,247.9828,253.7849,5.8614,256.6785
EDEESTE,3319631.0,2021-01-07,2021-07-12,262.38,2.8837,265.9869,265.9869,2.3425,266.1747
EDEESTE,3400110.0,2021-01-07,2022-12-28,861.36,2.8837,873.2011,893.6316,5.8614,919.4625
EDEESTE,4079219.0,2021-01-07,2021-09-07,1660.38,2.8837,1683.2052,1683.2052,2.3425,1690.5509
EDEESTE,5153777.0,2021-01-07,2021-11-02,1224.66,2.8837,1241.4953,1241.4953,2.3425,1251.3753
EDEESTE,5196814.0,2021-01-07,2022-08-02,1375.62,2.8837,1394.5306,1427.1588,5.8614,1434.4926
EDEESTE,4912016.0,2021-01-07,2022-09-12,1313.46,2.8837,1331.5161,1362.6699,5.8614,1378.6442
EDEESTE,4192908.0,2021-01-07,2021-07-06,306.78,2.8837,310.9973,310.9973,2.3425,311.0971
EDEESTE,5343386.0,2021-01-07,2023-10-10,910.62,2.8837,923.1383,1020.7273,9.5005,1047.5613
EDEESTE,5271655.0,2021-01-07,2024-01-05,1224.66,2.8837,1241.4953,1437.9479,8.5636,1439.2974
EDEESTE,5273972.0,2021-01-07,2023-10-18,164.7,2.8837,166.9641,184.6147,9.5005,189.8524
EDEESTE,5225691.0,2021-01-07,2023-04-11,280.14,2.8837,283.9911,299.1533,9.9345,307.2956
EDEESTE,5447570.0,2021-01-07,2021-04-11,1277.94,2.8837,1295.5078,1295.5078,2.8511,1305.6272
EDEESTE,5395782.0,2021-01-07,2022-10-31,1615.38,2.8837,1637.5866,1725.0173,9.9345,1782.2977
EDEESTE,5412255.0,2021-01-07,2021-09-22,1206.9,2.8837,1223.4912,1223.4912,2.3425,1230.0085
EDEESTE,5605787.0,2021-01-07,2021-08-19,1464.42,2.8837,1484.5513,1484.5513,2.3425,1489.2198
EDEESTE,5558410.0,2021-01-07,2022-12-31,1269.06,2.8837,1286.5057,1355.1922,9.9345,1422.6924
EDEESTE,5559343.0,2021-01-07,2022-11-18,1633.14,2.8837,1655.5907,1694.327,5.8614,1732.419
EDEESTE,5500266.0,2021-01-07,2023-06-05,1366.74,2.8837,1385.5285,1459.5018,9.9345,1521.0747
EDEESTE,5609199.0,2021-01-07,2021-07-01,919.5,2.8837,932.1403,932.1403,2.3425,932.1403
EDEESTE,5610723.0,2021-01-07,2021-09-09,1553.22,2.8837,1574.572,1574.572,2.3425,1581.6458
EDEESTE,5610390.0,2021-01-07,2022-03-25,963.9,2.8837,977.1507,988.5956,2.3099,993.7883
EDEESTE,5610426.0,2021-01-07,2022-04-30,653.1,2.8837,662.0781,669.8327,2.3099,674.8772
EDEESTE,3125324.0,2021-01-07,2022-10-07,955.02,2.8837,968.1486,990.8007,5.8614,1006.3933
EDEESTE,3023220.0,2021-01-08,2021-09-16,839.58,2.8837,851.0553,851.0553,2.3425,855.261
EDEESTE,5610412.0,2021-01-08,2023-08-24,724.14,2.8837,734.0375,811.6359,9.5005,823.0439
EDEESTE,3004695.0,2021-01-08,2021-02-20,1224.66,2.8837,1241.3986,1241.3986,2.8996,1246.3294
EDEESTE,3399109.0,2021-01-08,2022-04-22,1901.46,2.8837,1927.4491,1950.0243,2.3099,1963.7225
EDEESTE,3245761.0,2021-01-08,2022-02-04,280.14,2.8837,283.9689,287.2949,2.3099,287.9131
EDEESTE,4885550.0,2021-01-08,2022-07-13,1118.88,2.8837,1134.1728,1160.7093,5.8614,1162.9461
EDEESTE,4146055.0,2021-01-08,2023-07-05,6895.94,2.8837,6990.1933,7729.1581,9.5005,7737.2053
EDEESTE,5269416.0,2021-01-08,2024-02-13,1313.46,2.8837,1331.4123,1542.0932,8.5636,1557.6508
EDEESTE,5246077.0,2021-01-08,2021-03-30,537.66,2.8837,545.0087,545.0087,2.832,548.7299
EDEESTE,5401344.0,2021-01-08,2021-07-26,1402.26,2.8837,1421.426,1421.426,2.3425,1423.7066
EDEESTE,5610865.0,2021-01-08,2023-06-27,346.98,2.8837,351.7225,370.501,9.9345,388.35
EDEESTE,5610892.0,2021-01-08,2023-03-28,514.14,2.8837,521.1672,548.9923,9.9345,561.8428
EDEESTE,5543843.0,2021-01-08,2022-12-02,448.86,2.8837,454.995,465.6406,5.8614,477.1561
EDEESTE,5542112.0,2021-01-08,2024-01-11,1552.92,2.8837,1574.1452,1823.2359,8.5636,1827.5136
EDEESTE,5568710.0,2021-01-08,2023-11-27,1198.02,2.8837,1214.3945,1342.7736,9.5005,1394.8502
EDEESTE,5521194.0,2021-01-08,2021-10-22,2161.14,2.8837,2190.6783,2190.6783,2.3425,2206.5654
EDEESTE,5497031.0,2021-01-08,2021-08-19,129.18,2.8837,130.9456,130.9456,2.3425,131.3574
EDEESTE,5439646.0,2021-01-08,2022-08-01,1659.78,2.8837,1682.4658,1721.8309,5.8614,1730.4025
EDEESTE,5610878.0,2021-01-08,2021-08-27,262.38,2.8837,265.9662,265.9662,2.3425,266.9391
EDEESTE,5610554.0,2021-01-08,2022-12-03,772.56,2.8837,783.1193,801.4422,5.8614,821.3908
EDEESTE,5610570.0,2021-01-08,2022-09-14,328.56,2.8837,333.0507,340.8432,5.8614,344.9483
EDEESTE,5610884.0,2021-01-08,2022-02-14,2566.28,2.8837,2601.3558,2631.8242,2.3099,2639.1526
EDEESTE,5610849.0,2021-01-08,2021-08-13,931.32,2.8837,944.0492,944.0492,2.3425,946.6545
EDEESTE,5610934.0,2021-01-08,2022-04-07,821.82,2.8837,833.0526,842.8097,2.3099,847.9301
EDEESTE,5610879.0,2021-01-08,2021-06-25,10150.35,2.8837,10289.0845,10289.0845,2.7197,10423.2489
EDEESTE,5610843.0,2021-01-08,2021-12-07,1517.7,2.8837,1538.4438,1538.4438,2.3425,1554.1426
EDEESTE,5610665.0,2021-01-08,2021-03-23,546.54,2.8837,554.0101,554.0101,2.832,557.4918
EDEESTE,3001309.0,2021-01-08,2022-09-06,10398.93,2.8837,10541.062,10787.6941,5.8614,10903.762
EDEESTE,3215448.0,2021-01-09,2021-10-21,262.38,2.8837,265.9455,265.9455,2.3425,267.8571
EDEESTE,4006079.0,2021-01-09,2021-02-26,715.26,2.8837,724.9796,724.9796,2.8996,728.2048
EDEESTE,3433331.0,2021-01-09,2021-06-30,2732.3,2.8837,2769.4291,2769.4291,2.7197,2806.5728
EDEESTE,4972765.0,2021-01-09,2021-07-17,368.94,2.8837,373.9535,373.9535,2.3425,374.3375
EDEESTE,4912193.0,2021-01-09,2023-04-25,395.58,2.8837,400.9555,422.3625,9.9345,435.4677
EDEESTE,5610795.0,2021-01-09,2023-07-21,1499.94,2.8837,1520.3226,1681.0427,9.5005,1689.7938
EDEESTE,5538955.0,2021-01-09,2022-08-27,777.42,2.8837,787.9843,806.421,5.8614,813.8025
EDEESTE,5549594.0,2021-01-09,2024-02-14,1366.74,2.8837,1385.3126,1604.5226,8.5636,1621.0865
EDEESTE,5611033.0,2021-01-09,2022-12-06,1181.04,2.8837,1197.0891,1225.0977,5.8614,1256.1817
EDEESTE,5610928.0,2021-01-09,2021-12-06,204.24,2.8837,207.0154,207.0154,2.3425,209.1146
EDEESTE,5610976.0,2021-01-09,2021-11-17,1428.9,2.8837,1448.3172,1448.3172,2.3425,1461.2373
EDEESTE,5286042.0,2021-01-09,2021-07-08,1074.48,2.8837,1089.081,1089.081,2.3425,1089.5703
EDEESTE,3119242.0,2021-01-11,2023-06-19,1348.98,2.8837,1367.0981,1440.0874,9.9345,1506.3287
EDEESTE,5611284.0,2021-01-11,2022-05-06,1111.14,2.8837,1126.0636,1139.2527,2.3099,1148.2649
EDEESTE,3405941.0,2021-01-11,2023-02-16,1757.46,2.8837,1781.0643,1876.1553,9.9345,1899.6451
EDEESTE,3372496.0,2021-01-11,2022-05-26,866.22,2.8837,877.8541,888.136,2.3099,896.2858
EDEESTE,3293600.0,2021-01-11,2021-09-14,955.02,2.8837,967.8468,967.8468,2.3425,972.5054
EDEESTE,3275834.0,2021-01-11,2023-05-16,2937.22,2.8837,2976.6696,3135.5939,9.9345,3250.8083
EDEESTE,3277327.0,2021-01-11,2021-11-16,1482.18,2.8837,1502.0871,1502.0871,2.3425,1515.3904
EDEESTE,4079161.0,2021-01-11,2021-05-07,928.38,2.8837,940.849,940.849,2.7951,949.9271
EDEESTE,4036444.0,2021-01-11,2021-04-28,875.1,2.8837,886.8534,886.8534,2.8511,894.9584
EDEESTE,4006575.0,2021-01-11,2022-02-18,1491.06,2.8837,1511.0863,1528.7849,2.3099,1533.4289
EDEESTE,3487184.0,2021-01-11,2023-03-22,500.0,2.8837,506.7155,533.769,9.9345,545.3914
EDEESTE,3450221.0,2021-01-11,2022-02-17,919.5,2.8837,931.8497,942.764,2.3099,945.5682
EDEESTE,4944424.0,2021-01-11,2022-12-30,1505.16,2.8837,1525.3757,1561.0653,5.8614,1606.6901
EDEESTE,4124768.0,2021-01-11,2022-03-09,937.26,2.8837,949.8483,960.9734,2.3099,965.048
EDEESTE,5322359.0,2021-01-11,2021-09-07,1251.3,2.8837,1268.1061,1268.1061,2.3425,1273.6403
EDEESTE,5269892.0,2021-01-11,2021-06-04,812.94,2.8837,823.8585,823.8585,2.7197,833.3121
EDEESTE,5457670.0,2021-01-11,2023-05-11,1446.66,2.8837,1466.09,1544.3645,9.9345,1599.009
EDEESTE,5376165.0,2021-01-11,2024-01-08,280.14,2.8837,283.9025,328.8269,8.5636,329.367
EDEESTE,5596558.0,2021-01-11,2023-06-24,883.98,2.8837,895.8527,943.6822,9.9345,988.3741
EDEESTE,5588427.0,2021-01-11,2021-07-19,413.34,2.8837,418.8915,418.8915,2.3425,419.3754
EDEESTE,5611149.0,2021-01-11,2021-04-28,1469.34,2.8837,1489.0746,1489.0746,2.8511,1502.6834
EDEESTE,5610932.0,2021-01-11,2022-02-22,1242.42,2.8837,1259.1069,1273.8541,2.3099,1278.0462
EDEESTE,5611108.0,2021-01-11,2022-04-19,280.14,2.8837,283.9025,287.2277,2.3099,289.1909
EDEESTE,5610968.0,2021-01-11,2023-02-10,804.06,2.8837,814.8593,858.3646,9.9345,867.7097
EDEESTE,5611235.0,2021-01-11,2022-10-14,1469.34,2.8837,1489.0746,1523.9149,5.8614,1549.6105
EDEESTE,3063618.0,2021-01-11,2022-02-08,919.5,2.8837,931.8497,942.764,2.3099,945.0312
EDEESTE,3422701.0,2021-01-12,2023-08-03,1526.58,2.8837,1546.9628,1710.4992,9.5005,1725.1915
EDEESTE,5611145.0,2021-01-12,2021-10-19,502.2,2.8837,508.9053,508.9053,2.3425,512.498
EDEESTE,4049294.0,2021-01-12,2023-07-22,1886.52,2.8837,1911.7087,2113.804,9.5005,2125.3581
EDEESTE,4047029.0,2021-01-12,2023-04-15,879.12,2.8837,890.8579,938.4208,9.9345,964.9843
EDEESTE,4032817.0,2021-01-12,2023-10-11,1837.38,2.8837,1861.9126,2058.7437,9.5005,2113.402
EDEESTE,5283013.0,2021-01-12,2021-12-21,626.46,2.8837,634.8244,634.8244,2.3425,641.8728
EDEESTE,5243610.0,2021-01-12,2021-09-10,1242.42,2.8837,1259.0087,1259.0087,2.3425,1264.7456
EDEESTE,5233625.0,2021-01-12,2023-02-01,3708.46,2.8837,3757.9751,3958.6133,9.9345,3992.0142
EDEESTE,5396201.0,2021-01-12,2023-01-11,3646.02,2.8837,3694.7014,3891.9614,9.9345,3902.5545
EDEESTE,5352181.0,2021-01-12,2022-06-07,431.1,2.8837,436.856,441.9727,2.3099,446.364
EDEESTE,5611381.0,2021-01-12,2023-03-07,1437.78,2.8837,1456.9771,1534.7651,9.9345,1561.9175
EDEESTE,5611519.0,2021-01-12,2021-10-26,333.42,2.8837,337.8718,337.8718,2.3425,340.4088
EDEESTE,5546622.0,2021-01-12,2023-04-19,1357.86,2.8837,1375.99,1449.4541,9.9345,1492.0612
EDEESTE,5459013.0,2021-01-12,2022-04-27,955.02,2.8837,967.7714,979.1064,2.3099,986.294
EDEESTE,5611338.0,2021-01-12,2023-12-15,1659.78,2.8837,1681.9413,1859.7468,9.5005,1940.5864
EDEESTE,5611395.0,2021-01-12,2023-07-03,1206.66,2.8837,1222.7712,1352.0359,9.5005,1352.7397
EDEESTE,5611277.0,2021-01-12,2022-09-12,866.22,2.8837,877.7857,898.3235,5.8614,908.8544
EDEESTE,5611482.0,2021-01-12,2022-07-21,741.9,2.8837,751.8058,769.396,5.8614,771.8671
EDEESTE,5611522.0,2021-01-12,2022-06-21,661.98,2.8837,670.8187,678.6757,2.3099,686.0201
EDEESTE,5611159.0,2021-01-12,2024-01-10,253.5,2.8837,256.8847,297.5338,8.5636,298.1621
EDEESTE,5611143.0,2021-01-12,2021-08-17,1269.06,2.8837,1286.0044,1286.0044,2.3425,1289.8835
EDEESTE,5598905.0,2021-01-12,2022-03-29,546.54,2.8837,553.8374,560.3242,2.3099,563.4092
EDEESTE,3221669.0,2021-01-12,2021-07-27,804.06,2.8837,814.7957,814.7957,2.3425,816.1553
EDEESTE,3116985.0,2021-01-13,2021-04-12,754.41,2.8837,764.4232,764.4232,2.8511,770.454
EDEESTE,3056991.0,2021-01-13,2021-09-30,297.9,2.8837,301.854,301.854,2.3425,303.6169
EDEESTE,3014289.0,2021-01-13,2021-08-04,2639.46,2.8837,2674.4933,2674.4933,2.3425,2680.3292
EDEESTE,4002804.0,2021-01-13,2021-09-27,537.66,2.8837,544.7963,544.7963,2.3425,547.8731
EDEESTE,3413605.0,2021-01-13,2023-11-16,2584.24,2.8837,2618.5404,2895.3581,9.5005,2999.3585
EDEESTE,3416900.0,2021-01-13,2021-03-12,404.46,2.8837,409.8284,409.8284,2.832,412.0542
EDEESTE,3365626.0,2021-01-13,2021-10-05,883.98,2.8837,895.713,895.713,2.3425,901.2316
EDEESTE,3363822.0,2021-01-13,2021-04-08,1277.94,2.8837,1294.902,1294.902,2.8511,1304.7132
EDEESTE,3304849.0,2021-01-13,2021-03-16,6441.86,2.8837,6527.3623,6527.3623,2.832,6564.8393
EDEESTE,3250517.0,2021-01-13,2021-10-01,955.02,2.8837,967.6959,967.6959,2.3425,973.4096
EDEESTE,4058590.0,2021-01-13,2022-02-18,786.3,2.8837,796.7365,806.0683,2.3099,808.5168
EDEESTE,4047534.0,2021-01-13,2021-07-14,1206.9,2.8837,1222.9191,1222.9191,2.3425,1223.9394
EDEESTE,4025514.0,2021-01-13,2021-12-21,351.18,2.8837,355.8412,355.8412,2.3425,359.792
EDEESTE,5171386.0,2021-01-13,2022-10-10,2329.02,2.8837,2359.9329,2415.1489,5.8614,2454.3207
EDEESTE,5022480.0,2021-01-13,2023-09-16,475.5,2.8837,481.8113,532.7457,9.5005,543.4231
EDEESTE,5311539.0,2021-01-13,2022-03-28,609.66,2.8837,617.752,624.9874,2.3099,628.3889
EDEESTE,5301753.0,2021-01-13,2021-04-05,715.26,2.8837,724.7536,724.7536,2.8511,730.0751
EDEESTE,5237621.0,2021-01-13,2023-06-13,963.9,2.8837,976.6938,1028.8394,9.9345,1074.4839
EDEESTE,5400011.0,2021-01-13,2021-04-22,484.38,2.8837,490.8091,490.8091,2.8511,495.0646
EDEESTE,5391331.0,2021-01-13,2021-07-08,3352.95,2.8837,3397.4534,3397.4534,2.3425,3398.9797
EDEESTE,5366651.0,2021-01-13,2023-09-15,3487.95,2.8837,3534.2453,3907.8662,9.5005,3985.1711
EDEESTE,5590982.0,2021-01-13,2022-07-12,795.18,2.8837,805.7344,824.5863,5.8614,826.0429
EDEESTE,5558299.0,2021-01-13,2022-09-27,2329.02,2.8837,2359.9329,2415.1489,5.8614,2449.2788
EDEESTE,5611737.0,2021-01-13,2022-12-20,1286.82,2.8837,1303.8999,1334.4076,5.8614,1371.265
EDEESTE,5611803.0,2021-01-13,2022-05-09,795.18,2.8837,805.7344,815.1715,2.3099,821.7748
EDEESTE,5611683.0,2021-01-13,2023-06-05,280.14,2.8837,283.8583,299.0135,9.9345,311.6281
EDEESTE,5611731.0,2021-01-13,2022-11-29,688.62,2.8837,697.76,714.0857,5.8614,731.4012
EDEESTE,5611825.0,2021-01-13,2022-05-25,1651.4,2.8837,1673.3189,1692.9176,2.3099,1708.3453
EDEESTE,5611569.0,2021-01-13,2022-05-04,1428.9,2.8837,1447.8657,1464.8238,2.3099,1476.2261
EDEESTE,5610957.0,2021-01-13,2024-01-10,626.46,2.8837,634.775,735.2209,8.5636,736.7734
EDEESTE,5611805.0,2021-01-13,2021-05-21,1961.7,2.8837,1987.7375,1987.7375,2.7951,2009.0479
EDEESTE,5611810.0,2021-01-13,2023-01-27,515.04,2.8837,521.8761,549.739,9.9345,553.6293
EDEESTE,5611885.0,2021-01-13,2021-05-10,2209.62,2.8837,2238.9481,2238.9481,2.7951,2261.0657
EDEESTE,3128583.0,2021-01-14,2021-06-28,368.94,2.8837,373.8078,373.8078,2.7197,378.7656
EDEESTE,5611951.0,2021-01-14,2022-08-29,866.22,2.8837,877.6488,898.1834,5.8614,906.6933
EDEESTE,3393196.0,2021-01-14,2022-07-18,692.64,2.8837,701.7786,718.1983,5.8614,720.159
EDEESTE,4051207.0,2021-01-14,2021-03-22,377.82,2.8837,382.8049,382.8049,2.832,385.181
EDEESTE,4014282.0,2021-01-14,2021-11-18,670.86,2.8837,679.7113,679.7113,2.3425,685.8184
EDEESTE,4826471.0,2021-01-14,2021-08-18,1198.02,2.8837,1213.8266,1213.8266,2.3425,1217.5658
EDEESTE,4155212.0,2021-01-14,2021-04-15,553.26,2.8837,560.5597,560.5597,2.8511,565.1134
EDEESTE,4117613.0,2021-01-14,2022-10-24,724.14,2.8837,733.6942,750.8607,5.8614,764.7271
EDEESTE,4095998.0,2021-01-14,2021-05-08,1304.58,2.8837,1321.7925,1321.7925,2.7951,1334.6475
EDEESTE,4101966.0,2021-01-14,2021-10-07,235.74,2.8837,238.8503,238.8503,2.3425,240.3526
EDEESTE,5339170.0,2021-01-14,2022-05-18,1039.5,2.8837,1053.2151,1065.5509,2.3099,1074.7892
EDEESTE,5280450.0,2021-01-14,2022-08-31,3346.92,2.8837,3391.079,3572.1286,9.9345,3631.4362
EDEESTE,5383174.0,2021-01-14,2022-08-03,1437.78,2.8837,1456.7499,1490.8339,5.8614,1498.7344
EDEESTE,5382235.0,2021-01-14,2021-09-10,404.46,2.8837,409.7964,409.7964,2.3425,411.6637
EDEESTE,5343293.0,2021-01-14,2021-08-27,1526.58,2.8837,1546.7216,1546.7216,2.3425,1552.3797
EDEESTE,5590899.0,2021-01-14,2023-12-18,1704.18,2.8837,1726.6648,1909.1983,9.5005,1993.6782
EDEESTE,5501147.0,2021-01-14,2023-09-13,497.28,2.8837,503.8411,557.1044,9.5005,567.8349
EDEESTE,5611740.0,2021-01-14,2021-12-15,875.1,2.8837,886.646,886.646,2.3425,896.1488
EDEESTE,5611343.0,2021-01-14,2021-08-09,3111.58,2.8837,3152.6339,3152.6339,2.3425,3160.5248
EDEESTE,5611948.0,2021-01-14,2022-02-21,1791.72,2.8837,1815.3598,1836.6222,2.3099,1842.55
EDEESTE,3082078.0,2021-01-14,2021-11-25,875.1,2.8837,886.646,886.646,2.3425,895.0108
EDEESTE,3015125.0,2021-01-15,2022-12-21,1206.9,2.8837,1222.7284,1251.3369,5.8614,1286.1008
EDEESTE,5612227.0,2021-01-15,2023-04-25,2448.42,2.8837,2480.5308,2612.9663,9.9345,2694.0422
EDEESTE,3467663.0,2021-01-15,2021-03-11,657.54,2.8837,666.1636,666.1636,2.832,669.7299
EDEESTE,5113534.0,2021-01-15,2023-05-26,457.74,2.8837,463.7432,488.5025,9.9345,507.7816
EDEESTE,5022719.0,2021-01-15,2023-02-17,843.6,2.8837,854.6637,900.2942,9.9345,911.8111
EDEESTE,4817713.0,2021-01-15,2021-09-27,1224.66,2.8837,1240.7213,1240.7213,2.3425,1247.7285
EDEESTE,5343558.0,2021-01-15,2023-06-30,537.66,2.8837,544.7114,573.7935,9.9345,601.9048
EDEESTE,5317132.0,2021-01-15,2022-06-07,1322.34,2.8837,1339.6824,1355.3734,2.3099,1368.84
EDEESTE,5228034.0,2021-01-15,2022-05-03,555.42,2.8837,562.7043,569.295,2.3099,573.6903
EDEESTE,5455342.0,2021-01-15,2022-01-04,475.5,2.8837,481.7361,487.3785,2.3099,487.471
EDEESTE,5430702.0,2021-01-15,2021-04-13,297.9,2.8837,301.8069,301.8069,2.8511,304.2115
EDEESTE,5408232.0,2021-01-15,2022-04-27,1411.92,2.8837,1430.4372,1447.1912,2.3099,1457.8151
EDEESTE,5361680.0,2021-01-15,2022-02-03,7370.54,2.8837,7467.204,7554.6636,2.3099,7570.4408
EDEESTE,5547818.0,2021-01-15,2021-04-21,1499.94,2.8837,1519.6116,1519.6116,2.8511,1532.6685
EDEESTE,5534557.0,2021-01-15,2021-07-21,319.68,2.8837,323.8726,323.8726,2.3425,324.2883
EDEESTE,5498727.0,2021-01-15,2022-07-06,1473.3,2.8837,1492.6222,1527.5455,5.8614,1528.772
EDEESTE,5612178.0,2021-01-15,2021-05-13,821.82,2.8837,832.5981,832.5981,2.7951,841.0143
EDEESTE,5612157.0,2021-01-15,2021-07-31,1570.98,2.8837,1591.5833,1610.2247,2.3099,1613.2818
EDEESTE,5612160.0,2021-01-15,2021-12-21,1206.9,2.8837,1222.7284,1222.7284,2.3425,1236.3041
EDEESTE,5612177.0,2021-01-15,2022-04-22,750.78,2.8837,760.6264,769.5352,2.3099,774.9409
EDEESTE,5612045.0,2021-01-15,2023-06-23,839.58,2.8837,850.591,896.0041,9.9345,938.194
EDEESTE,5611110.0,2021-01-15,2022-06-28,919.5,2.8837,931.5592,942.47,2.3099,953.0867
EDEESTE,5612181.0,2021-01-15,2021-12-14,1154.4,2.8837,1169.5399,1169.5399,2.3425,1181.9996
EDEESTE,5612169.0,2021-01-15,2021-03-22,431.1,2.8837,436.7538,436.7538,2.832,439.4648
EDEESTE,5612171.0,2021-01-15,2022-11-23,2259.6,2.8837,2289.2344,2342.7963,5.8614,2397.3483
EDEESTE,5612205.0,2021-01-15,2021-04-21,1579.86,2.8837,1600.5797,1600.5797,2.8511,1614.3324
EDEESTE,5612164.0,2021-01-15,2021-08-26,262.38,2.8837,265.8211,265.8211,2.3425,266.7764
EDEESTE,5612222.0,2021-01-15,2024-01-20,901.74,2.8837,913.5662,1058.1278,8.5636,1062.8447
EDEESTE,3245302.0,2021-01-15,2024-02-13,759.66,2.8837,769.6229,891.407,8.5636,900.4001
EDEESTE,3207144.0,2021-01-16,2021-08-24,1923.06,2.8837,1948.1288,1948.1288,2.3425,1954.8803
EDEESTE,5612301.0,2021-01-16,2022-12-27,2364.84,2.8837,2395.6678,2451.7199,5.8614,2522.1945
EDEESTE,3410691.0,2021-01-16,2022-10-10,1127.76,2.8837,1142.4614,1169.1919,5.8614,1188.1552
EDEESTE,3399738.0,2021-01-16,2021-04-27,1030.08,2.8837,1043.508,1043.508,2.8511,1052.9632
EDEESTE,3220576.0,2021-01-16,2021-12-20,3594.3,2.8837,3641.155,3641.155,2.3425,3681.3483
EDEESTE,3501448.0,2021-01-16,2022-09-03,910.62,2.8837,922.4908,944.0745,5.8614,953.7773
EDEESTE,3472109.0,2021-01-16,2022-05-11,963.9,2.8837,976.4653,987.9022,2.3099,996.0297
EDEESTE,3478147.0,2021-01-16,2021-05-25,2315.36,2.8837,2345.5428,2345.5428,2.7951,2371.4077
EDEESTE,3444143.0,2021-01-16,2023-02-08,963.9,2.8837,976.4653,1028.5988,9.9345,1039.2373
EDEESTE,5252907.0,2021-01-16,2021-05-17,417.36,2.8837,422.8007,422.8007,2.7951,427.204
EDEESTE,5441182.0,2021-01-16,2022-08-29,1508.82,2.8837,1528.4888,1564.2513,5.8614,1579.0719
EDEESTE,5426304.0,2021-01-16,2022-03-23,812.94,2.8837,823.5374,833.1831,2.3099,837.4541
EDEESTE,5378362.0,2021-01-16,2021-11-02,333.42,2.8837,337.7664,337.7664,2.3425,340.4544
EDEESTE,5553526.0,2021-01-16,2021-05-20,626.46,2.8837,634.6265,634.6265,2.7951,641.3817
EDEESTE,5563354.0,2021-01-16,2022-12-19,804.06,2.8837,814.5416,833.5997,5.8614,856.4906
EDEESTE,5467128.0,2021-01-16,2021-07-08,257.52,2.8837,260.877,260.877,2.3425,260.9942
EDEESTE,5611876.0,2021-01-16,2023-05-02,2148.08,2.8837,2176.0822,2292.2631,9.9345,2367.7555
EDEESTE,5612248.0,2021-01-16,2021-05-29,146.94,2.8837,148.8555,148.8555,2.7951,150.5426
EDEESTE,5611975.0,2021-01-16,2022-11-23,1357.86,2.8837,1375.5609,1407.7453,5.8614,1440.5247
EDEESTE,5612277.0,2021-01-16,2022-03-01,559.44,2.8837,566.7328,573.3707,2.3099,575.5115
EDEESTE,5612237.0,2021-01-16,2021-08-30,741.9,2.8837,751.5713,751.5713,2.3425,754.4654
EDEESTE,5612299.0,2021-01-16,2023-12-21,1075.32,2.8837,1089.3378,1204.4966,9.5005,1258.7348
EDEESTE,3106185.0,2021-01-16,2021-08-18,1171.38,2.8837,1186.65,1186.65,2.3425,1190.3055
EDEESTE,3124544.0,2021-01-18,2021-11-16,1411.14,2.8837,1429.3125,1429.3125,2.3425,1441.9713
EDEESTE,5612308.0,2021-01-18,2023-11-13,1260.18,2.8837,1276.4085,1411.3433,9.5005,1460.9363
EDEESTE,4075260.0,2021-01-18,2022-09-30,1517.7,2.8837,1537.2448,1573.2121,5.8614,1596.202
EDEESTE,4049043.0,2021-01-18,2021-08-27,1887.52,2.8837,1911.8273,1911.8273,2.3425,1918.821
EDEESTE,4026659.0,2021-01-18,2021-11-01,1206.9,2.8837,1222.4423,1222.4423,2.3425,1232.0922
EDEESTE,3496452.0,2021-01-18,2022-02-01,146.94,2.8837,148.8323,150.5755,2.3099,150.8709
EDEESTE,3492547.0,2021-01-18,2022-07-27,342.3,2.8837,346.7081,354.8201,5.8614,356.3016
EDEESTE,3466239.0,2021-01-18,2022-09-23,1469.34,2.8837,1488.262,1523.0833,5.8614,1543.6285
EDEESTE,3465645.0,2021-01-18,2021-04-16,963.9,2.8837,976.313,976.313,2.8511,984.3204
EDEESTE,5153990.0,2021-01-18,2021-08-11,834.72,2.8837,845.4694,845.4694,2.3425,847.6941
EDEESTE,5153991.0,2021-01-18,2021-09-06,1189.14,2.8837,1204.4536,1204.4536,2.3425,1209.6327
EDEESTE,4862101.0,2021-01-18,2023-05-22,1224.66,2.8837,1240.431,1306.6576,9.9345,1356.8034
EDEESTE,4166099.0,2021-01-18,2023-05-18,1224.66,2.8837,1240.431,1306.6576,9.9345,1355.3808
EDEESTE,4127084.0,2021-01-18,2021-11-10,457.74,2.8837,463.6347,463.6347,2.3425,467.5624
EDEESTE,4103329.0,2021-01-18,2022-06-30,1508.82,2.8837,1528.2504,1546.1501,2.3099,1563.7627
EDEESTE,5342369.0,2021-01-18,2022-11-29,910.62,2.8837,922.3469,943.9273,5.8614,966.8161
EDEESTE,5261752.0,2021-01-18,2021-05-05,1402.26,2.8837,1420.3182,1420.3182,2.7951,1433.805
EDEESTE,5400954.0,2021-01-18,2021-05-13,2589.17,2.8837,2622.5131,2622.5131,2.7951,2649.0222
EDEESTE,5385739.0,2021-01-18,2021-03-11,1588.74,2.8837,1609.1996,1609.1996,2.832,1617.8146
EDEESTE,5486252.0,2021-01-18,2021-08-09,102.54,2.8837,103.8605,103.8605,2.3425,104.1205
EDEESTE,5485863.0,2021-01-18,2022-11-25,1384.5,2.8837,1402.3294,1435.1401,5.8614,1469.0183
EDEESTE,5488603.0,2021-01-18,2022-04-21,1678.32,2.8837,1699.9332,1719.8437,2.3099,1731.8161
EDEESTE,5458107.0,2021-01-18,2021-03-29,1313.46,2.8837,1330.3746,1330.3746,2.832,1339.3548
EDEESTE,5612352.0,2021-01-18,2024-02-22,3026.3,2.8837,3065.2724,3550.3171,8.5636,3593.6316
EDEESTE,5611208.0,2021-01-18,2021-03-27,466.62,2.8837,472.6291,472.6291,2.832,475.7461
EDEESTE,5612361.0,2021-01-18,2022-05-04,839.58,2.8837,850.392,860.3522,2.3099,867.0493
EDEESTE,5612370.0,2021-01-18,2023-02-09,1242.42,2.8837,1258.4198,1325.6068,9.9345,1339.678
EDEESTE,5612369.0,2021-01-18,2021-04-29,346.32,2.8837,350.7799,350.7799,2.8511,354.0131
EDEESTE,5612448.0,2021-01-18,2023-10-04,700.0,2.8837,709.0145,783.9676,9.5005,803.3531
EDEESTE,5612444.0,2021-01-18,2021-06-30,1215.78,2.8837,1231.4367,1231.4367,2.7197,1247.9528
EDEESTE,5612359.0,2021-01-18,2023-01-13,1304.58,2.8837,1321.3802,1391.9287,9.9345,1396.4749
EDEESTE,5612406.0,2021-01-18,2021-12-01,635.34,2.8837,643.5218,643.5218,2.3425,649.8407
EDEESTE,5612400.0,2021-01-18,2023-06-20,1686.42,2.8837,1708.1375,1799.335,9.9345,1882.5907
EDEESTE,3376330.0,2021-01-18,2022-06-17,413.34,2.8837,418.6629,423.5665,2.3099,428.043
EDEESTE,3323075.0,2021-01-19,2023-05-17,1277.94,2.8837,1294.2962,1363.3987,9.9345,1413.8665
EDEESTE,5612066.0,2021-01-19,2021-03-05,804.06,2.8837,814.3511,814.3511,2.832,818.3317
EDEESTE,4070105.0,2021-01-19,2023-02-01,4163.22,2.8837,4216.5046,4441.6237,9.9345,4479.1
EDEESTE,4050482.0,2021-01-19,2021-10-16,1092.24,2.8837,1106.2195,1106.2195,2.3425,1113.8159
EDEESTE,5018404.0,2021-01-19,2022-02-01,1420.02,2.8837,1438.1947,1455.0395,2.3099,1457.8941
EDEESTE,4122208.0,2021-01-19,2021-10-07,182.46,2.8837,184.7953,184.7953,2.3425,185.9575
EDEESTE,4114549.0,2021-01-19,2021-11-08,5659.94,2.8837,5732.3809,5732.3809,2.3425,5780.2071
EDEESTE,4092576.0,2021-01-19,2021-07-16,1739.7,2.8837,1761.9662,1761.9662,2.3425,1763.6624
EDEESTE,5259377.0,2021-01-19,2023-07-14,342.3,2.8837,346.6811,383.3303,9.5005,384.6274
EDEESTE,5238651.0,2021-01-19,2022-01-25,919.5,2.8837,931.2686,942.1761,2.3099,943.6071
EDEESTE,5247409.0,2021-01-19,2023-12-15,1437.78,2.8837,1456.182,1610.1215,9.5005,1680.1104
EDEESTE,5446414.0,2021-01-19,2022-03-18,599.82,2.8837,607.497,614.6123,2.3099,617.5684
EDEESTE,5405724.0,2021-01-19,2021-04-27,1260.18,2.8837,1276.3089,1276.3089,2.8511,1287.8735
EDEESTE,5411540.0,2021-01-19,2022-02-28,1304.58,2.8837,1321.2772,1336.7526,2.3099,1341.6592
EDEESTE,5399446.0,2021-01-19,2023-09-13,1366.74,2.8837,1384.2328,1530.5662,9.5005,1560.0469
EDEESTE,5388449.0,2021-01-19,2021-04-14,1721.94,2.8837,1743.9789,1743.9789,2.8511,1758.0101
EDEESTE,5366275.0,2021-01-19,2022-09-06,1295.7,2.8837,1312.2835,1342.9874,5.8614,1357.437
EDEESTE,5356807.0,2021-01-19,2024-02-09,1224.66,2.8837,1240.3343,1436.6032,8.5636,1449.7483
EDEESTE,5611250.0,2021-01-19,2021-04-09,3922.35,2.8837,3972.5517,3972.5517,2.8511,4002.9614
EDEESTE,5520223.0,2021-01-19,2023-09-13,1758.24,2.8837,1780.7435,1968.9939,9.5005,2006.9193
EDEESTE,5507614.0,2021-01-19,2023-11-02,2635.98,2.8837,2669.7176,2951.9455,9.5005,3047.2215
EDEESTE,5479523.0,2021-01-19,2023-04-14,3452.76,2.8837,3496.9515,3683.6536,9.9345,3786.9225
EDEESTE,5612422.0,2021-01-19,2022-06-30,1375.62,2.8837,1393.2264,1409.5446,2.3099,1425.6011
EDEESTE,5612502.0,2021-01-19,2021-07-13,1384.5,2.8837,1402.2201,1402.2201,2.3425,1403.3
EDEESTE,5612608.0,2021-01-19,2021-09-18,1402.26,2.8837,1420.2074,1420.2074,2.3425,1427.4079
EDEESTE,5612536.0,2021-01-19,2023-11-14,1929.34,2.8837,1954.0334,2160.6031,9.5005,2237.0865
EDEESTE,5612543.0,2021-01-19,2023-02-04,532.8,2.8837,539.6192,568.4295,9.9345,573.6898
EDEESTE,5612556.0,2021-01-19,2023-05-26,777.42,2.8837,787.3701,829.4078,9.9345,862.141
EDEESTE,5612510.0,2021-01-19,2022-04-27,919.5,2.8837,931.2686,942.1761,2.3099,949.0926
EDEESTE,5612523.0,2021-01-19,2021-03-04,2412.94,2.8837,2443.8229,2443.8229,2.8996,2455.8594
EDEESTE,5612541.0,2021-01-19,2021-11-26,230.88,2.8837,233.835,233.835,2.3425,236.0561
EDEESTE,5612525.0,2021-01-19,2021-12-17,688.62,2.8837,697.4336,697.4336,2.3425,704.998
EDEESTE,5612445.0,2021-01-19,2021-07-17,478.32,2.8837,484.442,484.442,2.3425,484.9394
EDEESTE,5612243.0,2021-01-19,2022-05-10,1570.98,2.8837,1591.0868,1609.7224,2.3099,1622.8638
EDEESTE,5612513.0,2021-01-19,2022-12-14,2162.02,2.8837,2189.6915,2240.9243,5.8614,2300.6613
EDEESTE,5612239.0,2021-01-19,2021-03-05,6805.54,2.8837,6892.6433,6892.6433,2.832,6926.3349
EDEESTE,3375958.0,2021-01-19,2021-07-02,1588.74,2.8837,1609.0741,1609.0741,2.3425,1609.1774
EDEESTE,3106019.0,2021-01-20,2023-10-18,297.9,2.8837,301.6893,333.5822,9.5005,343.0464
EDEESTE,5612815.0,2021-01-20,2022-03-11,901.74,2.8837,913.21,923.906,2.3099,927.9404
EDEESTE,3048871.0,2021-01-20,2022-10-27,919.5,2.8837,931.1959,952.9834,5.8614,971.0416
EDEESTE,3012990.0,2021-01-20,2023-09-09,2454.64,2.8837,2485.8627,2748.6544,9.5005,2798.7353
EDEESTE,3327676.0,2021-01-20,2021-04-21,1420.02,2.8837,1438.0825,1438.0825,2.8511,1450.4389
EDEESTE,3404471.0,2021-01-20,2022-05-04,1286.82,2.8837,1303.1882,1318.4518,2.3099,1328.7147
EDEESTE,3363838.0,2021-01-20,2023-08-15,786.3,2.8837,796.3016,880.4823,9.5005,890.7953
EDEESTE,3290394.0,2021-01-20,2022-12-13,1437.78,2.8837,1456.0684,1490.1364,5.8614,1529.6202
EDEESTE,3289773.0,2021-01-20,2022-12-06,244.62,2.8837,247.7315,253.5278,5.8614,259.9604
EDEESTE,4015082.0,2021-01-20,2023-10-11,1564.86,2.8837,1584.7648,1752.2974,9.5005,1798.8198
EDEESTE,3497614.0,2021-01-20,2022-10-24,688.62,2.8837,697.3792,713.6959,5.8614,726.8761
EDEESTE,3486349.0,2021-01-20,2021-08-02,650.0,2.8837,658.2679,658.2679,2.3425,659.6198
EDEESTE,3486405.0,2021-01-20,2021-11-29,413.34,2.8837,418.5976,418.5976,2.3425,422.6542
EDEESTE,3490197.0,2021-01-20,2021-06-10,600.0,2.8837,607.6319,607.6319,2.7197,614.876
EDEESTE,3490674.0,2021-01-20,2021-06-10,963.9,2.8837,976.1607,976.1607,2.7197,987.7983
EDEESTE,3439747.0,2021-01-20,2022-06-01,1446.66,2.8837,1465.0613,1482.2209,2.3099,1496.385
EDEESTE,4892841.0,2021-01-20,2021-10-19,724.14,2.8837,733.351,733.351,2.3425,738.5281
EDEESTE,5338396.0,2021-01-20,2022-12-26,368.94,2.8837,373.6329,382.3749,5.8614,393.3048
EDEESTE,5311952.0,2021-01-20,2021-11-16,955.02,2.8837,967.1677,967.1677,2.3425,975.7335
EDEESTE,5286515.0,2021-01-20,2021-05-04,1988.34,2.8837,2013.6315,2013.6315,2.7951,2032.5981
EDEESTE,5293765.0,2021-01-20,2022-09-27,697.5,2.8837,706.3721,722.8993,5.8614,733.115
EDEESTE,5263963.0,2021-01-20,2021-04-20,2635.98,2.8837,2669.5094,2669.5094,2.8511,2692.238
EDEESTE,5239910.0,2021-01-20,2021-07-16,1446.66,2.8837,1465.0613,1465.0613,2.3425,1466.4717
EDEESTE,5233214.0,2021-01-20,2023-05-09,6556.94,2.8837,6640.3435,6994.8713,9.9345,7238.5642
EDEESTE,5396220.0,2021-01-20,2022-01-04,963.9,2.8837,976.1607,987.594,2.3099,987.7815
EDEESTE,5383720.0,2021-01-20,2021-08-10,1615.38,2.8837,1635.9274,1635.9274,2.3425,1640.1271
EDEESTE,5538531.0,2021-01-20,2023-03-15,1198.8,2.8837,1214.0486,1278.8666,9.9345,1304.2764
EDEESTE,5552648.0,2021-01-20,2022-03-04,1092.24,2.8837,1106.1332,1119.0887,2.3099,1123.4797
EDEESTE,5612562.0,2021-01-20,2023-02-02,1233.54,2.8837,1249.2305,1315.9269,9.9345,1327.3882
EDEESTE,5612719.0,2021-01-20,2022-07-16,2751.8,2.8837,2786.8026,2852.0062,5.8614,2858.8761
EDEESTE,5612805.0,2021-01-20,2021-07-31,4747.7,2.8837,4808.0902,4864.4049,2.3099,4873.6402
EDEESTE,5612787.0,2021-01-20,2023-04-15,963.9,2.8837,976.1607,1028.2779,9.9345,1057.3849
EDEESTE,5612521.0,2021-01-20,2023-01-18,2749.54,2.8837,2784.5138,2933.179,9.9345,2946.7509
EDEESTE,5612529.0,2021-01-20,2022-09-13,590.94,2.8837,598.4567,612.4589,5.8614,619.737
EDEESTE,5612821.0,2021-01-20,2021-03-17,3979.07,2.8837,4029.6833,4029.6833,2.832,4053.1325
EDEESTE,5612788.0,2021-01-20,2021-06-21,422.22,2.8837,427.5906,427.5906,2.7197,433.0387
EDEESTE,5612797.0,2021-01-20,2021-11-01,1189.14,2.8837,1204.2657,1204.2657,2.3425,1213.7721
EDEESTE,3094555.0,2021-01-20,2022-11-05,1421.58,2.8837,1439.6623,1473.3465,5.8614,1503.3946
EDEESTE,3098836.0,2021-01-21,2023-03-01,1544.34,2.8837,1563.8618,1647.3564,9.9345,1673.8104
EDEESTE,3105269.0,2021-01-22,2022-01-28,1251.3,2.8837,1267.0187,1281.8586,2.3099,1284.0489
EDEESTE,5613016.0,2021-01-22,2022-04-13,1269.06,2.8837,1285.0018,1300.0524,2.3099,1308.4443
EDEESTE,3004813.0,2021-01-22,2021-04-23,4197.7,2.8837,4250.431,4250.431,2.8511,4287.6159
EDEESTE,3329401.0,2021-01-22,2022-01-19,908.16,2.8837,919.5682,930.3386,2.3099,931.3984
EDEESTE,3398869.0,2021-01-22,2022-11-29,857.34,2.8837,868.1098,888.4212,5.8614,909.9641
EDEESTE,3282659.0,2021-01-22,2021-12-29,1215.78,2.8837,1231.0525,1231.0525,2.3425,1245.3527
EDEESTE,4005551.0,2021-01-22,2022-05-13,1348.98,2.8837,1365.9257,1381.9241,2.3099,1393.4682
EDEESTE,3446329.0,2021-01-22,2022-07-27,1260.18,2.8837,1276.0102,1305.8654,5.8614,1311.3177
EDEESTE,5159170.0,2021-01-22,2021-04-27,644.22,2.8837,652.3126,652.3126,2.8511,658.2232
EDEESTE,5132584.0,2021-01-22,2021-10-09,519.9,2.8837,526.4309,526.4309,2.3425,529.8094
EDEESTE,4967992.0,2021-01-22,2021-09-18,3590.78,2.8837,3635.8869,3635.8869,2.3425,3654.3211
EDEESTE,4871091.0,2021-01-22,2021-09-22,612.72,2.8837,620.4169,620.4169,2.3425,623.7217
EDEESTE,4825689.0,2021-01-22,2022-12-13,608.7,2.8837,616.3464,630.7672,5.8614,647.4805
EDEESTE,4104252.0,2021-01-22,2021-07-22,1348.98,2.8837,1365.9257,1365.9257,2.3425,1367.7666
EDEESTE,4106242.0,2021-01-22,2023-03-06,1855.14,2.8837,1878.444,1978.7341,9.9345,2013.2025
EDEESTE,5279924.0,2021-01-22,2021-07-02,1295.7,2.8837,1311.9764,1311.9764,2.3425,1312.0606
EDEESTE,5259960.0,2021-01-22,2022-02-01,1182.78,2.8837,1197.6379,1211.6653,2.3099,1214.0423
EDEESTE,5193308.0,2021-01-22,2023-01-23,3165.69,2.8837,3205.457,3376.5963,9.9345,3396.815
EDEESTE,5441554.0,2021-01-22,2021-06-29,1970.1,2.8837,1994.8481,1994.8481,2.7197,2021.4545
EDEESTE,5443815.0,2021-01-22,2022-01-28,328.56,2.8837,332.6873,336.5839,2.3099,337.159
EDEESTE,5424801.0,2021-01-22,2023-05-24,1420.02,2.8837,1437.8581,1514.6253,9.9345,1573.5768
EDEESTE,5564104.0,2021-01-22,2022-01-04,1446.66,2.8837,1464.8328,1481.9896,2.3099,1482.271
EDEESTE,5476386.0,2021-01-22,2024-02-07,1295.7,2.8837,1311.9764,1519.5819,8.5636,1532.7732
EDEESTE,5480831.0,2021-01-22,2021-04-23,1180.26,2.8837,1195.0863,1195.0863,2.8511,1205.5415
EDEESTE,5611157.0,2021-01-22,2021-11-09,4839.33,2.8837,4900.121,4900.121,2.3425,4941.318
EDEESTE,5612472.0,2021-01-22,2024-02-28,919.5,2.8837,931.0506,1078.3789,8.5636,1093.0534
EDEESTE,5612931.0,2021-01-22,2021-03-18,2767.28,2.8837,2802.0422,2802.0422,2.832,2818.565
EDEESTE,5612879.0,2021-01-22,2021-10-09,599.82,2.8837,607.3549,607.3549,2.3425,611.2527
EDEESTE,5612784.0,2021-01-22,2023-10-31,1570.98,2.8837,1590.7144,1842.427,8.5636,1895.1638
EDEESTE,3063305.0,2021-01-22,2021-12-24,1189.14,2.8837,1204.0778,1204.0778,2.3425,1217.6783
EDEESTE,3112566.0,2021-01-23,2021-11-23,4335.03,2.8837,4389.1436,4389.1436,2.3425,4429.9882
EDEESTE,5612997.0,2021-01-23,2022-04-28,280.14,2.8837,283.637,286.959,2.3099,289.0838
EDEESTE,3014445.0,2021-01-23,2024-02-07,1224.66,2.8837,1239.9473,1436.1549,8.5636,1448.622
EDEESTE,3330041.0,2021-01-23,2022-11-11,1437.78,2.8837,1455.7276,1489.7877,5.8614,1521.6065
EDEESTE,3233060.0,2021-01-23,2022-10-19,1508.82,2.8837,1527.6544,1563.3973,5.8614,1591.014
EDEESTE,4084361.0,2021-01-23,2022-01-13,2161.86,2.8837,2188.8462,2214.4831,2.3099,2216.1648
EDEESTE,4014833.0,2021-01-23,2023-06-01,1348.98,2.8837,1365.8191,1438.7402,9.9345,1497.8708
EDEESTE,3517510.0,2021-01-23,2022-02-14,4161.26,2.8837,4213.2044,4262.5516,2.3099,4274.4208
EDEESTE,5152936.0,2021-01-23,2021-06-29,346.32,2.8837,350.6431,350.6431,2.7197,355.3198
EDEESTE,4133705.0,2021-01-23,2023-01-12,1233.54,2.8837,1248.9381,1315.6189,9.9345,1319.5578
EDEESTE,4123297.0,2021-01-23,2023-10-20,608.7,2.8837,616.2983,681.45,9.5005,701.1384
EDEESTE,5224057.0,2021-01-23,2021-06-18,280.14,2.8837,283.637,283.637,2.7197,287.1875
EDEESTE,5221422.0,2021-01-23,2021-07-26,1348.98,2.8837,1365.8191,1365.8191,2.3425,1368.0105
EDEESTE,5455387.0,2021-01-23,2021-10-16,928.38,2.8837,939.9688,939.9688,2.3425,946.4237
EDEESTE,5406089.0,2021-01-23,2021-07-30,3813.74,2.8837,3861.3464,3861.3464,2.3425,3868.533
EDEESTE,5425668.0,2021-01-23,2022-11-21,1553.22,2.8837,1572.6086,1609.4034,5.8614,1646.3615
EDEESTE,5395783.0,2021-01-23,2023-12-12,759.66,2.8837,769.1427,850.4523,9.5005,886.7557
EDEESTE,5387107.0,2021-01-23,2023-04-18,1357.86,2.8837,1374.81,1448.2111,9.9345,1490.3874
EDEESTE,5374386.0,2021-01-23,2021-11-09,608.7,2.8837,616.2983,616.2983,2.3425,621.4797
EDEESTE,5357553.0,2021-01-23,2023-10-12,155.82,2.8837,157.7651,174.4431,9.5005,179.1199
EDEESTE,5377918.0,2021-01-23,2021-04-05,346.32,2.8837,350.6431,350.6431,2.8511,353.2177
EDEESTE,5357283.0,2021-01-23,2023-07-18,910.62,2.8837,921.9871,1019.4545,9.5005,1023.9655
EDEESTE,5539850.0,2021-01-23,2022-01-26,1295.7,2.8837,1311.874,1327.2394,2.3099,1329.3392
EDEESTE,5480896.0,2021-01-23,2021-03-19,946.14,2.8837,957.9505,957.9505,2.832,963.6736
EDEESTE,5612356.0,2021-01-23,2022-12-16,182.46,2.8837,184.7376,189.06,5.8614,194.1605
EDEESTE,5613013.0,2021-01-23,2023-08-07,1118.88,2.8837,1132.8468,1252.6052,9.5005,1264.6685
EDEESTE,5613018.0,2021-01-23,2022-07-15,1314.24,2.8837,1330.6455,1361.779,5.8614,1364.8405
EDEESTE,5613027.0,2021-01-23,2021-04-12,1545.12,2.8837,1564.4075,1564.4075,2.8511,1576.7496
EDEESTE,5613034.0,2021-01-23,2022-04-11,3054.18,2.8837,3092.3049,3128.5235,2.3099,3148.3224
EDEESTE,5613128.0,2021-01-23,2023-08-15,2096.62,2.8837,2122.7918,2347.2017,9.5005,2374.6943
EDEESTE,5613144.0,2021-01-23,2023-07-06,1554.0,2.8837,1573.3984,1739.7294,9.5005,1741.9935
EDEESTE,5613147.0,2021-01-23,2021-03-25,955.02,2.8837,966.9414,966.9414,2.832,973.1683
EDEESTE,5613122.0,2021-01-23,2022-04-25,759.66,2.8837,769.1427,778.1513,2.3099,783.7653
EDEESTE,5613142.0,2021-01-23,2023-06-07,644.22,2.8837,652.2617,687.0859,9.9345,716.4465
EDEESTE,5613017.0,2021-01-23,2021-05-24,608.7,2.8837,616.2983,616.2983,2.7951,623.0472
EDEESTE,3042887.0,2021-01-23,2021-12-28,1420.8,2.8837,1438.5357,1438.5357,2.3425,1455.1537
EDEESTE,5400299.0,2021-01-24,2021-03-29,1180.26,2.8837,1194.8998,1194.8998,2.832,1202.9656
EDEESTE,3332837.0,2021-01-26,2022-05-10,2064.44,2.8837,2089.7208,2114.1967,2.3099,2131.4565
EDEESTE,5613297.0,2021-01-26,2021-12-30,4726.34,2.8837,4784.218,4784.218,2.3425,4840.0997
EDEESTE,3390832.0,2021-01-26,2021-06-15,928.38,2.8837,939.7488,939.7488,2.7197,951.3024
EDEESTE,3278894.0,2021-01-26,2022-03-11,271.26,2.8837,274.5818,277.7978,2.3099,279.0109
EDEESTE,3460995.0,2021-01-26,2021-07-13,1402.26,2.8837,1419.4319,1419.4319,2.3425,1420.525
EDEESTE,4854982.0,2021-01-26,2023-08-11,1127.76,2.8837,1141.5704,1262.2509,9.5005,1275.7214
EDEESTE,4107198.0,2021-01-26,2022-07-25,2006.1,2.8837,2030.6664,2078.1785,5.8614,2086.1879
EDEESTE,5332537.0,2021-01-26,2021-07-05,1260.18,2.8837,1275.612,1275.612,2.3425,1275.9394
EDEESTE,5287478.0,2021-01-26,2022-05-14,1181.04,2.8837,1195.5028,1209.5052,2.3099,1219.6854
EDEESTE,5277297.0,2021-01-26,2021-10-14,1846.26,2.8837,1868.869,1868.869,2.3425,1881.4628
EDEESTE,5238630.0,2021-01-26,2023-11-23,4094.26,2.8837,4144.3977,4582.5206,9.5005,4755.4728
EDEESTE,5206382.0,2021-01-26,2023-11-21,1393.38,2.8837,1410.4431,1559.5474,9.5005,1617.5955
EDEESTE,5452535.0,2021-01-26,2022-05-26,368.94,2.8837,373.458,377.8321,2.3099,381.2992
EDEESTE,5410418.0,2021-01-26,2022-07-05,1755.18,2.8837,1776.6737,1818.243,5.8614,1819.4109
EDEESTE,5394589.0,2021-01-26,2021-11-25,280.14,2.8837,283.5706,283.5706,2.3425,286.2458
EDEESTE,5475415.0,2021-01-26,2022-03-09,1393.38,2.8837,1410.4431,1426.9629,2.3099,1433.0134
EDEESTE,5468730.0,2021-01-26,2021-10-27,1242.42,2.8837,1257.6345,1257.6345,2.3425,1267.1586
EDEESTE,5609757.0,2021-01-26,2021-10-11,573.18,2.8837,580.1991,580.1991,2.3425,583.9972
EDEESTE,5613094.0,2021-01-26,2021-08-10,795.18,2.8837,804.9177,804.9177,2.3425,806.984
EDEESTE,5613066.0,2021-01-26,2023-07-03,1491.06,2.8837,1509.3193,1668.8762,9.5005,1669.745
EDEESTE,5613329.0,2021-01-26,2023-12-01,155.82,2.8837,157.7281,174.4023,9.5005,181.3477
EDEESTE,5613257.0,2021-01-26,2023-01-17,963.9,2.8837,975.7038,1027.7966,9.9345,1032.2725
EDEESTE,5613284.0,2021-01-26,2021-11-04,608.7,2.8837,616.154,616.154,2.3425,621.1365
EDEESTE,5613321.0,2021-01-26,2023-01-06,1224.66,2.8837,1239.657,1305.8423,9.9345,1307.6194
EDEESTE,5613248.0,2021-01-26,2022-01-26,297.9,2.8837,301.548,305.0799,2.3099,305.5626
EDEESTE,5612818.0,2021-01-26,2022-03-18,1233.54,2.8837,1248.6457,1263.2705,2.3099,1269.3464
EDEESTE,5613348.0,2021-01-26,2022-06-14,2835.74,2.8837,2870.466,2904.0864,2.3099,2934.2271
EDEESTE,3401370.0,2021-01-26,2022-05-05,2006.64,2.8837,2031.213,2055.0036,2.3099,2071.1299
EDEESTE,3136225.0,2021-01-27,2021-12-01,537.66,2.8837,544.2016,544.2016,2.3425,549.5453
EDEESTE,5613601.0,2021-01-27,2021-12-28,5203.82,2.8837,5267.1341,5267.1341,2.3425,5327.9803
EDEESTE,3328637.0,2021-01-27,2022-03-16,431.1,2.8837,436.3451,441.4558,2.3099,443.5232
EDEESTE,3332555.0,2021-01-27,2021-07-13,848.46,2.8837,858.7831,858.7831,2.3425,859.4445
EDEESTE,3335295.0,2021-01-27,2022-04-26,1499.94,2.8837,1518.1895,1535.9713,2.3099,1547.1498
EDEESTE,3424444.0,2021-01-27,2023-12-12,1393.38,2.8837,1410.333,1559.4257,9.5005,1625.9932
EDEESTE,3382588.0,2021-01-27,2021-09-15,1491.06,2.8837,1509.2015,1509.2015,2.3425,1516.5627
EDEESTE,3360609.0,2021-01-27,2021-03-10,546.54,2.8837,553.1897,553.1897,2.832,556.1083
EDEESTE,4051303.0,2021-01-27,2022-01-03,546.54,2.8837,553.1897,559.6689,2.3099,559.7397
EDEESTE,4007546.0,2021-01-27,2022-12-28,1650.9,2.8837,1670.9862,1710.0828,5.8614,1759.5136
EDEESTE,3499834.0,2021-01-27,2021-11-30,431.1,2.8837,436.3451,436.3451,2.3425,440.6017
EDEESTE,3491140.0,2021-01-27,2021-10-30,963.9,2.8837,975.6276,975.6276,2.3425,983.2039
EDEESTE,3442562.0,2021-01-27,2021-07-07,1730.82,2.8837,1751.8786,1751.8786,2.3425,1752.5532
EDEESTE,4127453.0,2021-01-27,2022-11-03,3040.23,2.8837,3077.22,3149.2186,5.8614,3212.4337
EDEESTE,4128648.0,2021-01-27,2022-12-30,235.74,2.8837,238.6082,244.191,5.8614,251.3279
EDEESTE,5342797.0,2021-01-27,2023-02-28,1215.78,2.8837,1230.5722,1296.2724,9.9345,1316.7358
EDEESTE,5193229.0,2021-01-27,2021-12-03,963.9,2.8837,975.6276,975.6276,2.3425,985.3328
EDEESTE,5443990.0,2021-01-27,2021-03-13,670.86,2.8837,679.0222,679.0222,2.832,682.7628
EDEESTE,5446694.0,2021-01-27,2021-11-11,448.86,2.8837,454.3212,454.3212,2.3425,458.1992
EDEESTE,5405115.0,2021-01-27,2022-06-24,1704.18,2.8837,1724.9145,1745.1176,2.3099,1764.3341
EDEESTE,5390774.0,2021-01-27,2022-05-13,1704.18,2.8837,1724.9145,1745.1176,2.3099,1759.6956
EDEESTE,5601431.0,2021-01-27,2023-12-18,759.66,2.8837,768.9027,850.1868,9.5005,887.8067
EDEESTE,5557511.0,2021-01-27,2021-06-29,7754.74,2.8837,7849.0907,7849.0907,2.7197,7953.7783
EDEESTE,5473351.0,2021-01-27,2022-09-16,431.1,2.8837,436.3451,446.5544,5.8614,452.0761
EDEESTE,5467159.0,2021-01-27,2021-10-05,1939.92,2.8837,1963.5227,1963.5227,2.3425,1975.6202
EDEESTE,5613611.0,2021-01-27,2021-09-01,262.38,2.8837,265.5723,265.5723,2.3425,266.6291
EDEESTE,5613539.0,2021-01-27,2022-03-01,2887.96,2.8837,2923.0974,2957.3341,2.3099,2968.3763
EDEESTE,5613582.0,2021-01-27,2021-04-07,1588.74,2.8837,1608.07,1608.07,2.8511,1620.1284
EDEESTE,5613584.0,2021-01-27,2023-06-28,555.42,2.8837,562.1777,592.1924,9.9345,620.8827
EDEESTE,5613585.0,2021-01-27,2021-03-11,1251.3,2.8837,1266.5244,1266.5244,2.832,1273.3048
EDEESTE,5613260.0,2021-01-27,2021-10-08,555.42,2.8837,562.1777,562.1777,2.3425,565.7496
EDEESTE,5613366.0,2021-01-27,2023-09-15,2078.28,2.8837,2103.5661,2325.9435,9.5005,2371.955
EDEESTE,5613457.0,2021-01-27,2022-02-02,7234.94,2.8837,7322.9664,7408.7366,2.3099,7423.7402
EDEESTE,5613677.0,2021-01-27,2021-03-23,1242.42,2.8837,1257.5363,1257.5363,2.832,1265.4395
EDEESTE,5613686.0,2021-01-27,2022-09-16,608.7,2.8837,616.106,630.5212,5.8614,638.3176
EDEESTE,3112885.0,2021-01-27,2023-01-20,3792.03,2.8837,3838.167,4043.0867,9.9345,4063.995
EDEESTE,3202082.0,2021-01-28,2021-12-29,706.38,2.8837,714.9186,714.9186,2.3425,723.2233
EDEESTE,5613256.0,2021-01-28,2023-12-01,812.94,2.8837,822.7667,909.745,9.5005,945.9747
EDEESTE,3431812.0,2021-01-28,2023-03-04,741.0,2.8837,749.9571,789.9973,9.9345,803.3285
EDEESTE,3357461.0,2021-01-28,2022-10-19,1366.74,2.8837,1383.2609,1415.6255,5.8614,1440.6318
EDEESTE,3279099.0,2021-01-28,2021-03-30,2663.86,2.8837,2696.0603,2696.0603,2.832,2714.4683
EDEESTE,3236587.0,2021-01-28,2021-10-21,1286.82,2.8837,1302.3749,1302.3749,2.3425,1311.7363
EDEESTE,3236085.0,2021-01-28,2022-01-20,555.42,2.8837,562.1338,568.7178,2.3099,569.4017
EDEESTE,3226373.0,2021-01-28,2023-02-02,1366.74,2.8837,1383.2609,1457.1132,9.9345,1469.8042
EDEESTE,4083516.0,2021-01-28,2022-02-15,1242.42,2.8837,1257.4382,1272.1659,2.3099,1275.7888
EDEESTE,3511952.0,2021-01-28,2021-05-26,2538.4,2.8837,2569.0838,2569.0838,2.7951,2597.6104
EDEESTE,3491306.0,2021-01-28,2022-08-30,1000.0,2.8837,1012.0878,1035.7679,5.8614,1045.7477
EDEESTE,3470394.0,2021-01-28,2023-09-28,1200.0,2.8837,1214.5054,1342.8962,9.5005,1374.0052
EDEESTE,4818490.0,2021-01-28,2021-03-25,1278.72,2.8837,1294.177,1294.177,2.832,1302.5112
EDEESTE,4093071.0,2021-01-28,2023-04-11,3473.61,2.8837,3515.5984,3703.2962,9.9345,3804.0918
EDEESTE,5314767.0,2021-01-28,2024-02-07,937.26,2.8837,948.5894,1098.693,8.5636,1108.2307
EDEESTE,5310409.0,2021-01-28,2021-08-26,4248.15,2.8837,4299.501,4299.501,2.3425,4314.9532
EDEESTE,5255852.0,2021-01-28,2021-04-30,4030.94,2.8837,4079.6654,4079.6654,2.8511,4117.587
EDEESTE,5207274.0,2021-01-28,2021-05-25,2364.84,2.8837,2393.4258,2393.4258,2.7951,2419.8187
EDEESTE,5446104.0,2021-01-28,2023-09-12,1171.38,2.8837,1185.5395,1310.8682,9.5005,1335.776
EDEESTE,5441192.0,2021-01-28,2023-03-01,795.18,2.8837,804.792,847.7598,9.9345,861.3736
EDEESTE,5394586.0,2021-01-28,2021-05-10,1180.26,2.8837,1194.5268,1194.5268,2.7951,1206.327
EDEESTE,5381137.0,2021-01-28,2021-07-16,564.3,2.8837,571.1212,571.1212,2.3425,571.671
EDEESTE,5601644.0,2021-01-28,2023-03-31,1047.84,2.8837,1060.5061,1117.1265,9.9345,1144.1876
EDEESTE,5589681.0,2021-01-28,2023-02-14,493.26,2.8837,499.2224,525.8759,9.9345,532.1737
EDEESTE,5613855.0,2021-01-28,2022-01-19,395.58,2.8837,400.3617,405.0509,2.3099,405.5123
EDEESTE,5613872.0,2021-01-28,2022-03-25,235.74,2.8837,238.5896,241.3841,2.3099,242.652
EDEESTE,5613928.0,2021-01-28,2022-09-06,404.46,2.8837,409.349,418.9267,5.8614,423.434
EDEESTE,5613797.0,2021-01-28,2023-07-17,717.12,2.8837,725.7884,802.5148,9.5005,805.8569
EDEESTE,5613933.0,2021-01-28,2023-03-01,1615.38,2.8837,1634.9065,1722.1941,9.9345,1749.8499
EDEESTE,5613854.0,2021-01-28,2023-10-05,1562.1,2.8837,1580.9824,1748.1152,9.5005,1791.7964
EDEESTE,5613880.0,2021-01-28,2021-07-30,3748.58,2.8837,3793.8922,3793.8922,2.3425,3800.9533
EDEESTE,5612520.0,2021-01-28,2023-10-18,1679.16,2.8837,1699.4574,1879.1147,9.5005,1932.4277
EDEESTE,5613815.0,2021-01-28,2021-03-31,1402.26,2.8837,1419.2103,1419.2103,2.832,1429.0104
EDEESTE,5613849.0,2021-01-28,2022-07-18,1819.62,2.8837,1841.6153,1884.704,5.8614,1889.8492
EDEESTE,5613852.0,2021-01-28,2023-11-30,395.58,2.8837,400.3617,442.6857,9.5005,460.2
EDEESTE,5613837.0,2021-01-28,2022-01-14,919.5,2.8837,930.6148,941.5146,2.3099,942.2892
EDEESTE,5613842.0,2021-01-28,2021-03-31,209.1,2.8837,211.6276,211.6276,2.832,213.0889
EDEESTE,5613699.0,2021-01-28,2022-01-18,346.32,2.8837,350.5063,354.6116,2.3099,354.9931
EDEESTE,5613543.0,2021-01-28,2022-06-15,777.42,2.8837,786.8173,796.0329,2.3099,804.3451
EDEESTE,5613655.0,2021-01-28,2022-11-01,404.46,2.8837,409.349,418.9267,5.8614,427.2014
EDEESTE,3125213.0,2021-01-28,2023-09-09,715.26,2.8837,723.9059,800.4333,9.5005,815.0173
EDEESTE,3210714.0,2021-01-29,2021-08-23,1357.86,2.8837,1374.1663,1374.1663,2.3425,1378.8405
EDEESTE,5614047.0,2021-01-29,2021-10-11,892.86,2.8837,903.5822,903.5822,2.3425,909.4972
EDEESTE,3071539.0,2021-01-29,2022-11-02,857.34,2.8837,867.6357,887.936,5.8614,905.6172
EDEESTE,3074434.0,2021-01-29,2021-05-21,390.72,2.8837,395.4121,395.4121,2.7951,399.6513
EDEESTE,3061763.0,2021-01-29,2022-07-29,146.94,2.8837,148.7046,152.1839,5.8614,152.8681
EDEESTE,3034989.0,2021-01-29,2021-04-13,1198.02,2.8837,1212.4068,1212.4068,2.8511,1222.0665
EDEESTE,3034808.0,2021-01-29,2022-05-06,594.96,2.8837,602.1048,609.1569,2.3099,613.9757
EDEESTE,3421084.0,2021-01-29,2021-07-21,381.84,2.8837,386.4255,386.4255,2.3425,386.9215
EDEESTE,3406457.0,2021-01-29,2022-09-23,386.7,2.8837,391.3438,400.5002,5.8614,405.9026
EDEESTE,3365917.0,2021-01-29,2021-12-10,1206.66,2.8837,1221.1506,1221.1506,2.3425,1233.8467
EDEESTE,3356490.0,2021-01-29,2022-09-29,9246.34,2.8837,9357.3778,9576.3149,5.8614,9714.7191
EDEESTE,3359331.0,2021-01-29,2022-11-09,1437.78,2.8837,1455.0461,1489.0902,5.8614,1520.4159
EDEESTE,3281606.0,2021-01-29,2024-01-17,2580.22,2.8837,2611.2054,3024.3992,8.5636,3035.7525
EDEESTE,3288616.0,2021-01-29,2022-02-16,1233.54,2.8837,1248.3534,1262.9747,2.3099,1266.6514
EDEESTE,4007343.0,2021-01-29,2021-10-13,1224.66,2.8837,1239.3667,1239.3667,2.3425,1247.6389
EDEESTE,3528146.0,2021-01-29,2023-01-12,1003.44,2.8837,1015.4901,1069.7071,9.9345,1072.9098
EDEESTE,3501307.0,2021-01-29,2021-04-14,928.38,2.8837,939.5288,939.5288,2.8511,947.0877
EDEESTE,3492098.0,2021-01-29,2022-11-25,1606.5,2.8837,1625.7922,1663.8313,5.8614,1703.108
EDEESTE,3480330.0,2021-01-29,2023-04-15,661.98,2.8837,669.9296,705.6971,9.9345,725.673
EDEESTE,5147509.0,2021-01-29,2023-01-04,609.66,2.8837,616.9813,649.9219,9.9345,650.4526
EDEESTE,4934766.0,2021-01-29,2022-10-26,852.48,2.8837,862.7173,882.9025,5.8614,899.491
EDEESTE,4827848.0,2021-01-29,2023-04-26,679.74,2.8837,687.9029,724.63,9.9345,747.3113
EDEESTE,5310369.0,2021-01-29,2021-04-05,1198.02,2.8837,1212.4068,1212.4068,2.8511,1221.3089
EDEESTE,5298347.0,2021-01-29,2021-05-29,1206.9,2.8837,1221.3935,1221.3935,2.7951,1235.2362
EDEESTE,5278905.0,2021-01-29,2023-10-16,1269.84,2.8837,1285.0893,1420.9419,9.5005,1460.5162
EDEESTE,5250354.0,2021-01-29,2023-05-19,2092.32,2.8837,2117.4463,2230.4967,9.9345,2314.2755
EDEESTE,5230305.0,2021-01-29,2023-10-17,315.66,2.8837,319.4507,353.2213,9.5005,363.1507
EDEESTE,5235149.0,2021-01-29,2022-02-19,244.62,2.8837,247.5576,250.4571,2.3099,251.2338
EDEESTE,5203273.0,2021-01-29,2022-01-12,1606.5,2.8837,1625.7922,1644.8343,2.3099,1645.9793
EDEESTE,5388261.0,2021-01-29,2021-08-21,857.34,2.8837,867.6357,867.6357,2.3425,870.4755
EDEESTE,5357688.0,2021-01-29,2021-04-26,568.32,2.8837,575.1449,575.1449,2.8511,580.3113
EDEESTE,5351669.0,2021-01-29,2021-12-03,1936.46,2.8837,1959.7146,1959.7146,2.3425,1979.2091
EDEESTE,5550639.0,2021-01-29,2023-12-27,1198.02,2.8837,1212.4068,1340.5758,9.5005,1403.0352
EDEESTE,5552506.0,2021-01-29,2021-08-05,1402.26,2.8837,1419.0995,1419.0995,2.3425,1422.2871
EDEESTE,5484637.0,2021-01-29,2023-04-29,226.86,2.8837,229.5843,241.8418,9.9345,249.6091
EDEESTE,5614176.0,2021-01-29,2023-06-01,1233.54,2.8837,1248.3534,1315.0029,9.9345,1369.0481
EDEESTE,5614056.0,2021-01-29,2022-12-23,788.76,2.8837,798.2321,816.9085,5.8614,839.8658
